Joke Number,Text
1,A man visits the doctor . The doctor
1,the doctor . The doctor says `` I
1,The doctor says `` I have bad news
1,`` I have bad news for you.You have
1,bad news for you.You have cancer and Alzheimer
1,you.You have cancer and Alzheimer 's disease ''
1,and Alzheimer 's disease '' . The man
1,disease '' . The man replies `` Well
1,"The man replies `` Well , thank God"
1,"`` Well , thank God I do n't"
1,thank God I do n't have cancer !
2,"Two cannibals are eating a clown , one"
2,"eating a clown , one turns to other"
2,", one turns to other and says :"
2,to other and says : `` Does this
2,says : `` Does this taste funny to
3,Q : Whats the difference between greeting a
3,the difference between greeting a Queen and greeting
3,greeting a Queen and greeting the President of
3,and greeting the President of the United States
3,President of the United States ? A :
3,United States ? A : You only have
3,A : You only have to get on
3,only have to get on one knee to
3,get on one knee to greet the queen
4,"Q . What do a hurricane , a"
4,"do a hurricane , a tornado , and"
4,", a tornado , and a redneck divorce"
4,", and a redneck divorce all have in"
4,redneck divorce all have in common ? A
4,have in common ? A . Someone 's
4,? A . Someone 's going to lose
4,Someone 's going to lose their trailer ...
5,A guy stood over his tee shot for
5,over his tee shot for what seemed an
5,"shot for what seemed an eternity , looking"
5,"seemed an eternity , looking up , looking"
5,", looking up , looking down , measuring"
5,", looking down , measuring the distance ,"
5,", measuring the distance , figuring the wind"
5,"distance , figuring the wind direction and speed"
5,the wind direction and speed . Driving his
5,and speed . Driving his partner nuts .
5,Driving his partner nuts . Finally his exasperated
5,"nuts . Finally his exasperated partner says ,"
5,"his exasperated partner says , `` What the"
5,"says , `` What the hell is taking"
5,What the hell is taking so long ?
5,is taking so long ? Hit the goddamn
5,long ? Hit the goddamn ball ! ''
5,the goddamn ball ! '' The guy answers
5,"! '' The guy answers , `` My"
5,"guy answers , `` My wife is up"
5,`` My wife is up there watching me
5,is up there watching me from the clubhouse
5,watching me from the clubhouse . I want
5,the clubhouse . I want to make this
5,I want to make this a perfect shot
5,make this a perfect shot . '' ``
5,"perfect shot . '' `` Well , hell"
5,"'' `` Well , hell , man ,"
5,", hell , man , you do n't"
5,"man , you do n't stand a snowball"
5,do n't stand a snowball 's chance in
5,a snowball 's chance in hell of hitting
5,chance in hell of hitting her from here
6,They asked the Japanese visitor if they have
6,Japanese visitor if they have elections in his
6,they have elections in his country . ``
6,in his country . `` Every Morning ''
6,. `` Every Morning '' he answers .
7,The father was very anxious to marry off
7,very anxious to marry off his only daughter
7,marry off his only daughter so he wanted
7,only daughter so he wanted to impress her
7,he wanted to impress her date . ``
7,impress her date . `` Do you like
7,". `` Do you like to screw ,"
7,"you like to screw , '' he says"
7,"screw , '' he says . `` Huh"
7,he says . `` Huh '' replied the
7,`` Huh '' replied the surprised first date
7,replied the surprised first date . `` My
7,first date . `` My daughter she loves
7,`` My daughter she loves to screw and
7,she loves to screw and she 's good
7,"screw and she 's good at it ,"
7,"'s good at it , you and her"
7,"it , you and her should go screw"
7,"and her should go screw , '' carefully"
7,"go screw , '' carefully explained the father"
7,'' carefully explained the father . Now very
7,the father . Now very interested the boy
7,"Now very interested the boy replied , ``"
7,"the boy replied , `` Yes , sir"
7,", `` Yes , sir . '' Minutes"
7,", sir . '' Minutes later the girl"
7,'' Minutes later the girl came down the
7,"the girl came down the stairs , kissed"
7,"down the stairs , kissed her father goodbye"
7,", kissed her father goodbye and the couple"
7,father goodbye and the couple left . After
7,the couple left . After only a few
7,. After only a few minutes she reappeared
7,"a few minutes she reappeared , furious ,"
7,"she reappeared , furious , dress torn ,"
7,"furious , dress torn , hair a mess"
7,"torn , hair a mess and screamed ``"
7,"a mess and screamed `` Dammit , Daddy"
7,"screamed `` Dammit , Daddy , it 's"
7,", Daddy , it 's the TWIST ,"
7,"it 's the TWIST , get it straight"
8,Q : What did the blind person say
8,did the blind person say when given some
8,person say when given some matzah ? A
8,given some matzah ? A : Who the
8,? A : Who the hell wrote this
9,Q . What is orange and sounds like
9,is orange and sounds like a parrot ?
9,sounds like a parrot ? A . A
10,How many men does it take to screw
10,does it take to screw in a light
10,to screw in a light bulb ? One
10,a light bulb ? One ... men will
10,? One ... men will screw anything .
11,A dog walks into Western Union and asks
11,into Western Union and asks the clerk to
11,and asks the clerk to send a telegram
11,clerk to send a telegram . He fills
11,a telegram . He fills out a form
11,He fills out a form on which he
11,a form on which he writes down the
11,which he writes down the telegram he wishes
11,down the telegram he wishes to send :
11,he wishes to send : `` Bow wow
11,"send : `` Bow wow wow , Bow"
11,"Bow wow wow , Bow wow wow ."
11,", Bow wow wow . '' The clerk"
11,"wow . '' The clerk says , ``"
11,"The clerk says , `` You can add"
11,", `` You can add another 'Bow wow"
11,can add another 'Bow wow ' for the
11,'Bow wow ' for the same price .
11,for the same price . '' The dog
11,"price . '' The dog responded , ``"
11,"The dog responded , `` Now would n't"
11,", `` Now would n't that sound a"
11,would n't that sound a little silly ?
12,Q : If a person who speaks three
12,a person who speaks three languages is called
12,"speaks three languages is called `` tri-lingual ,"
12,"is called `` tri-lingual , '' and a"
12,"tri-lingual , '' and a person who speaks"
12,and a person who speaks two languages is
12,who speaks two languages is called `` bi-lingual
12,"languages is called `` bi-lingual , '' what"
12,"`` bi-lingual , '' what do call a"
12,'' what do call a person who only
12,call a person who only speaks one language
12,who only speaks one language ? A :
13,This couple had an excellent relationship going until
13,an excellent relationship going until one day he
13,going until one day he came home from
13,day he came home from work to find
13,home from work to find his girlfriend packing
13,to find his girlfriend packing . He asked
13,girlfriend packing . He asked her why she
13,He asked her why she was leaving him
13,why she was leaving him and she told
13,leaving him and she told him that she
13,she told him that she had heard awful
13,that she had heard awful things about him
13,heard awful things about him . `` What
13,about him . `` What could they possibly
13,`` What could they possibly have said to
13,they possibly have said to make you move
13,said to make you move out ? ''
13,you move out ? '' `` They told
13,? '' `` They told me that you
13,They told me that you were a pedophile
13,that you were a pedophile . '' He
13,"a pedophile . '' He replied , ``"
13,"'' He replied , `` That 's an"
13,", `` That 's an awfully big word"
13,'s an awfully big word for a ten
13,big word for a ten year old .
14,What 's the difference between a MacIntosh and
14,difference between a MacIntosh and an Etch-A-Sketch ?
14,MacIntosh and an Etch-A-Sketch ? You do n't
14,Etch-A-Sketch ? You do n't have to shake
14,do n't have to shake the Mac to
14,to shake the Mac to clear the screen
15,What 's the difference between a used tire
15,difference between a used tire and 365 used
15,used tire and 365 used condoms ? One
15,365 used condoms ? One 's a Goodyear
15,"? One 's a Goodyear , the other"
15,"a Goodyear , the other 's a great"
16,A duck walks into a pharmacy and asks
16,into a pharmacy and asks for a condom
16,and asks for a condom . The pharmacist
16,a condom . The pharmacist says `` Would
16,The pharmacist says `` Would you like me
16,`` Would you like me to stick that
16,like me to stick that on your bill
16,stick that on your bill ? '' The
16,your bill ? '' The duck says :
16,'' The duck says : `` What kind
16,says : `` What kind of duck do
16,What kind of duck do you think I
16,duck do you think I am ! ''
17,Q : What is the Australian word for
17,is the Australian word for a boomerang that
17,word for a boomerang that wo n't come
17,boomerang that wo n't come back ? A
17,n't come back ? A : A stick
18,What do you get when you run over
18,get when you run over a parakeet with
18,run over a parakeet with a lawnmower ?
18,parakeet with a lawnmower ? Shredded tweet .
19,Two kindergarten girls were talking outside : one
19,"were talking outside : one said , ``"
19,": one said , `` You wo n't"
19,", `` You wo n't believe what I"
19,wo n't believe what I saw on the
19,what I saw on the patio yesterday --
19,on the patio yesterday -- a condom !
19,yesterday -- a condom ! '' The second
19,"condom ! '' The second girl asked ,"
19,"The second girl asked , `` What 's"
19,"asked , `` What 's a patio ?"
20,A guy walks into a bar and sits
20,into a bar and sits down next to
20,and sits down next to an extremely gorgeous
20,next to an extremely gorgeous woman . The
20,extremely gorgeous woman . The first thing he
20,. The first thing he notices about her
20,"thing he notices about her though , are"
20,"about her though , are her pants ."
20,", are her pants . They were skin-tight"
20,"pants . They were skin-tight , high-waisted and"
20,"were skin-tight , high-waisted and had no obvious"
20,high-waisted and had no obvious mechanism ( zipper
20,"no obvious mechanism ( zipper , buttons or"
20,"( zipper , buttons or velcro ) for"
20,buttons or velcro ) for opening them .
20,) for opening them . After several minutes
20,them . After several minutes of puzzling over
20,several minutes of puzzling over how she got
20,puzzling over how she got the pants up
20,she got the pants up over her hips
20,"pants up over her hips , he finally"
20,"her hips , he finally worked up the"
20,he finally worked up the nerve to ask
20,up the nerve to ask her . ``
20,to ask her . `` Excuse me miss
20,". `` Excuse me miss , but how"
20,"me miss , but how do you get"
20,but how do you get into your pants
20,you get into your pants ? '' ``
20,"your pants ? '' `` Well , ''"
20,"'' `` Well , '' she replied ,"
20,", '' she replied , `` you can"
20,"replied , `` you can start by buying"
20,you can start by buying me a drink
21,Clinton returns from a vacation in Arkansas and
21,a vacation in Arkansas and walks down the
21,Arkansas and walks down the steps of Air
21,down the steps of Air Force One with
21,of Air Force One with two pigs under
21,One with two pigs under his arms .
21,pigs under his arms . At the bottom
21,arms . At the bottom of the steps
21,"the bottom of the steps , he says"
21,"the steps , he says to the honor"
21,"he says to the honor guardsman , ``"
21,"the honor guardsman , `` These are genuine"
21,", `` These are genuine Arkansas Razor-Back Hogs"
21,are genuine Arkansas Razor-Back Hogs . I got
21,Razor-Back Hogs . I got this one for
21,I got this one for Chelsea and this
21,one for Chelsea and this one for Hillary
21,and this one for Hillary . '' The
21,"for Hillary . '' The guardsman replies ,"
21,"'' The guardsman replies , `` Nice trade"
21,"replies , `` Nice trade , Sir ."
22,"A mechanical , electrical and a software engineer"
22,electrical and a software engineer from Microsoft were
22,software engineer from Microsoft were driving through the
22,Microsoft were driving through the desert when the
22,through the desert when the car broke down
22,when the car broke down . The mechanical
22,broke down . The mechanical engineer said ``
22,The mechanical engineer said `` It seems to
22,said `` It seems to be a problem
22,seems to be a problem with the fuel
22,"a problem with the fuel injection system ,"
22,"the fuel injection system , why do n't"
22,"system , why do n't we pop the"
22,do n't we pop the hood and I
22,pop the hood and I 'll take a
22,and I 'll take a look at it
22,take a look at it . '' To
22,at it . '' To which the electrical
22,"'' To which the electrical engineer replied ,"
22,"the electrical engineer replied , `` No I"
22,"replied , `` No I think it 's"
22,No I think it 's just a loose
22,"it 's just a loose ground wire ,"
22,"a loose ground wire , I 'll get"
22,"wire , I 'll get out and take"
22,'ll get out and take a look .
22,"and take a look . '' Then ,"
22,"look . '' Then , the Microsoft engineer"
22,"Then , the Microsoft engineer jumps in ."
22,"Microsoft engineer jumps in . `` No ,"
22,"in . `` No , no , no"
22,"No , no , no . If we"
22,", no . If we just close up"
22,If we just close up all the windows
22,"close up all the windows , get out"
22,"the windows , get out , wait a"
22,"get out , wait a few minutes ,"
22,"wait a few minutes , get back in"
22,"minutes , get back in , and then"
22,"back in , and then reopen the windows"
22,and then reopen the windows everything will work
22,the windows everything will work fine . ''
23,An old Scotsmen is sitting with a younger
23,is sitting with a younger Scottish gentleman and
23,a younger Scottish gentleman and says the boy
23,gentleman and says the boy . `` Ah
23,"the boy . `` Ah , lad look"
23,"`` Ah , lad look out that window"
23,lad look out that window . You see
23,that window . You see that stone wall
23,"You see that stone wall there , I"
23,"stone wall there , I built it with"
23,", I built it with me own bare"
23,"it with me own bare hands , placed"
23,"own bare hands , placed every stone meself"
23,", placed every stone meself . But do"
23,stone meself . But do they call me
23,But do they call me MacGregor the wall
23,call me MacGregor the wall builder ? No
23,the wall builder ? No ! He Takes
23,? No ! He Takes a few sips
23,He Takes a few sips of his beer
23,"few sips of his beer then says ,"
23,"his beer then says , `` Aye ,"
23,"says , `` Aye , and look out"
23,"Aye , and look out on that lake"
23,look out on that lake and eye that
23,that lake and eye that beautiful pier .
23,eye that beautiful pier . I built it
23,"pier . I built it meself , laid"
23,"built it meself , laid every board and"
23,", laid every board and hammered each nail"
23,board and hammered each nail but do they
23,each nail but do they call me MacGregor
23,do they call me MacGregor the pier builder
23,me MacGregor the pier builder ? No !
23,pier builder ? No ! He continues ...
23,No ! He continues ... '' And lad
23,"continues ... '' And lad , you see"
23,"And lad , you see that road ?"
23,you see that road ? That too I
23,road ? That too I build with me
23,too I build with me own bare hands
23,with me own bare hands . Laid every
23,bare hands . Laid every inch of pavement
23,"Laid every inch of pavement meself , but"
23,"of pavement meself , but do they call"
23,", but do they call MacGregor the road"
23,they call MacGregor the road builder ? No
23,the road builder ? No ! '' Again
23,? No ! '' Again he returns to
23,'' Again he returns to his beer for
23,returns to his beer for a few sips
23,"beer for a few sips , then says"
23,"few sips , then says , `` Agh"
23,"then says , `` Agh , but you"
23,"`` Agh , but you screw one sheep"
24,Q . What 's 200 feet long and
24,'s 200 feet long and has 4 teeth
24,long and has 4 teeth ? A .
24,4 teeth ? A . The front row
24,A . The front row at a Willie
24,front row at a Willie Nelson Concert .
25,Q : What 's the difference between a
25,'s the difference between a Lawyer and a
25,between a Lawyer and a Plumber ? A
25,and a Plumber ? A : A Plumber
25,? A : A Plumber works to unclog
25,A Plumber works to unclog the system .
26,President Clinton looks up from his desk in
26,up from his desk in the Oval Office
26,desk in the Oval Office to see one
26,Oval Office to see one of his aides
26,see one of his aides nervously approach him
26,his aides nervously approach him . `` What
26,approach him . `` What is it ?
26,`` What is it ? '' exclaims the
26,it ? '' exclaims the President . ``
26,exclaims the President . `` It 's this
26,. `` It 's this Abortion Bill Mr.
26,"'s this Abortion Bill Mr. President , what"
26,"Bill Mr. President , what do you want"
26,", what do you want to do about"
26,you want to do about it ? ''
26,do about it ? '' the aide replies
26,? '' the aide replies . `` Just
26,aide replies . `` Just go ahead and
26,`` Just go ahead and pay it .
26,ahead and pay it . '' responds the
27,A man arrives at the gates of heaven
27,at the gates of heaven . St. Peter
27,"of heaven . St. Peter asks , ``"
27,"St. Peter asks , `` Religion ? ''"
27,", `` Religion ? '' The man says"
27,"? '' The man says , `` Methodist"
27,"man says , `` Methodist . '' St."
27,`` Methodist . '' St. Peter looks down
27,"'' St. Peter looks down his list ,"
27,"looks down his list , and says ,"
27,"list , and says , `` Go to"
27,"says , `` Go to room 24 ,"
27,"Go to room 24 , but be very"
27,"24 , but be very quiet as you"
27,be very quiet as you pass room 8
27,as you pass room 8 . '' Another
27,room 8 . '' Another man arrives at
27,'' Another man arrives at the gates of
27,arrives at the gates of heaven . ``
27,gates of heaven . `` Religion ? ''
27,. `` Religion ? '' `` Baptist .
27,? '' `` Baptist . '' `` Go
27,Baptist . '' `` Go to room 18
27,"`` Go to room 18 , but be"
27,"room 18 , but be very quiet as"
27,but be very quiet as you pass room
27,quiet as you pass room 8 . ''
27,pass room 8 . '' A third man
27,. '' A third man arrives at the
27,third man arrives at the gates . ``
27,at the gates . `` Religion ? ''
27,. `` Religion ? '' `` Jewish .
27,? '' `` Jewish . '' `` Go
27,Jewish . '' `` Go to room 11
27,"`` Go to room 11 , but be"
27,"room 11 , but be very quiet as"
27,but be very quiet as you pass room
27,quiet as you pass room 8 . ''
27,pass room 8 . '' The man says
27,". '' The man says , `` I"
27,"man says , `` I can understand there"
27,`` I can understand there being different rooms
27,understand there being different rooms for different religions
27,"different rooms for different religions , but why"
27,"different religions , but why must I be"
27,but why must I be quiet when I
27,I be quiet when I pass room 8
27,when I pass room 8 ? '' St.
27,room 8 ? '' St. Peter tells him
27,"'' St. Peter tells him , `` Well"
27,"tells him , `` Well the Catholics are"
27,`` Well the Catholics are in room 8
27,"Catholics are in room 8 , and they"
27,"room 8 , and they think they 're"
27,and they think they 're the only ones
28,What do you call an American in the
28,call an American in the finals of the
28,in the finals of the world cup ?
28,of the world cup ? `` Hey Beer
28,cup ? `` Hey Beer Man ! ''
29,Out in the backwoods of some midwestern state
29,"backwoods of some midwestern state , little Johnny"
29,"midwestern state , little Johnny arrives at school"
29,little Johnny arrives at school an hour late
29,at school an hour late . Teacher :
29,hour late . Teacher : `` Why are
29,Teacher : `` Why are you so late
29,"Why are you so late , John ?"
29,"so late , John ? '' Johny :"
29,John ? '' Johny : `` My big
29,Johny : `` My big brother got shot
29,My big brother got shot in the ass
29,got shot in the ass . '' (
29,the ass . '' ( the teacher corrects
29,'' ( the teacher corrects his speech )
29,teacher corrects his speech ) Teacher : ``
29,speech ) Teacher : `` Rectum . ''
29,: `` Rectum . '' Johnny : ``
29,. '' Johnny : `` Wrecked him !
29,": `` Wrecked him ! ? Hell ,"
29,"him ! ? Hell , It damn near"
29,"Hell , It damn near killed him !"
30,An explorer in the deepest Amazon suddenly finds
30,the deepest Amazon suddenly finds himself surrounded by
30,suddenly finds himself surrounded by a bloodthirsty group
30,surrounded by a bloodthirsty group of natives .
30,bloodthirsty group of natives . Upon surveying the
30,"natives . Upon surveying the situation , he"
30,"surveying the situation , he says quietly to"
30,", he says quietly to himself , ``"
30,"quietly to himself , `` Oh God ,"
30,", `` Oh God , I 'm screwed"
30,"God , I 'm screwed . '' The"
30,'m screwed . '' The sky darkens and
30,'' The sky darkens and a voice booms
30,"darkens and a voice booms out , ``"
30,"voice booms out , `` No , you"
30,", `` No , you are NOT screwed"
30,", you are NOT screwed . Pick up"
30,NOT screwed . Pick up that stone at
30,Pick up that stone at your feet and
30,stone at your feet and bash in the
30,feet and bash in the head of the
30,in the head of the chief standing in
30,of the chief standing in front of you
30,standing in front of you . '' So
30,of you . '' So with the stone
30,'' So with the stone he bashes the
30,the stone he bashes the life out of
30,bashes the life out of the chief .
30,out of the chief . Standing above the
30,"chief . Standing above the lifeless body ,"
30,"above the lifeless body , breathing heavily looking"
30,"body , breathing heavily looking at 100 angry"
30,heavily looking at 100 angry natives ... The
30,100 angry natives ... The voice booms out
30,"... The voice booms out again , ``"
30,"booms out again , `` Okay ..... NOW"
30,", `` Okay ..... NOW you 're screwed"
31,"A guy walks into a bar , orders"
31,"into a bar , orders a beer and"
31,", orders a beer and says to the"
31,"beer and says to the bartender , ``"
31,"to the bartender , `` Hey , I"
31,", `` Hey , I got this great"
31,", I got this great Polish Joke ..."
31,this great Polish Joke ... '' The barkeep
31,Joke ... '' The barkeep glares at him
31,The barkeep glares at him and says in
31,at him and says in a warning tone
31,says in a warning tone of voice :
31,warning tone of voice : `` Before you
31,voice : `` Before you go telling that
31,Before you go telling that joke you better
31,telling that joke you better know that I
31,"you better know that I 'm Polish ,"
31,"that I 'm Polish , both bouncers are"
31,"Polish , both bouncers are Polish and so"
31,bouncers are Polish and so are most of
31,and so are most of my customers ''
31,most of my customers '' `` Okay ''
31,customers '' `` Okay '' says the customer
31,"Okay '' says the customer , '' I"
31,"the customer , '' I 'll tell it"
31,'' I 'll tell it very slowly .
32,A Jewish young man was seeing a psychiatrist
32,man was seeing a psychiatrist for an eating
32,a psychiatrist for an eating and sleeping disorder
32,an eating and sleeping disorder . `` I
32,sleeping disorder . `` I am so obsessed
32,`` I am so obsessed with my mother
32,so obsessed with my mother ... As soon
32,my mother ... As soon as I go
32,"As soon as I go to sleep ,"
32,"I go to sleep , I start dreaming"
32,"sleep , I start dreaming , and everyone"
32,"start dreaming , and everyone in my dream"
32,and everyone in my dream turns into my
32,my dream turns into my mother . I
32,into my mother . I wake up in
32,. I wake up in such a state
32,"up in such a state , all I"
32,"a state , all I can do is"
32,all I can do is go downstairs and
32,do is go downstairs and eat a piece
32,downstairs and eat a piece of toast .
32,a piece of toast . '' The psychiatrist
32,toast . '' The psychiatrist replies : ``
32,"The psychiatrist replies : `` What , just"
32,": `` What , just one piece of"
32,", just one piece of toast , for"
32,"piece of toast , for a big boy"
32,", for a big boy like you ?"
33,`` May I take your order ? ''
33,take your order ? '' the waiter asked
33,? '' the waiter asked . `` Yes
33,"waiter asked . `` Yes , how do"
33,"`` Yes , how do you prepare your"
33,how do you prepare your chickens ? ''
33,prepare your chickens ? '' `` Nothing special
33,"? '' `` Nothing special sir , ''"
33,"Nothing special sir , '' he replied ."
33,", '' he replied . `` We just"
33,replied . `` We just tell them straight
33,We just tell them straight out that they
33,them straight out that they 're going to
33,that they 're going to die . ''
34,What is the difference between men and women
34,difference between men and women : A woman
34,and women : A woman wants one man
34,A woman wants one man to satisfy her
34,one man to satisfy her every need .
34,satisfy her every need . A man wants
34,need . A man wants every woman to
34,man wants every woman to satisfy his one
35,Q . What 's the difference between a
35,'s the difference between a man and a
35,between a man and a toilet ? A
35,and a toilet ? A . A toilet
35,? A . A toilet does n't follow
35,A toilet does n't follow you around after
35,n't follow you around after you use it
36,How many Irishmen does it take to change
36,does it take to change a lightbulb ?
36,"to change a lightbulb ? Two , one"
36,"lightbulb ? Two , one to hold the"
36,", one to hold the lightbulb and the"
36,hold the lightbulb and the other to drink
36,and the other to drink until the room
37,What does an atheist say during an orgasm
37,atheist say during an orgasm ? `` Oh
37,an orgasm ? `` Oh Darwin ! Oh
37,`` Oh Darwin ! Oh Darwin ! ...
38,Two men are discussing the age old question
38,discussing the age old question : who enjoys
38,"old question : who enjoys sex more ,"
38,"who enjoys sex more , the man or"
38,"more , the man or the woman ?"
38,man or the woman ? A woman walks
38,woman ? A woman walks by and listens
38,woman walks by and listens in for awhile
38,and listens in for awhile and then interrupts
38,for awhile and then interrupts : `` Listen
38,then interrupts : `` Listen you guys .
38,`` Listen you guys . You know when
38,guys . You know when your ear itches
38,know when your ear itches and you put
38,ear itches and you put in your little
38,you put in your little finger and wiggle
38,your little finger and wiggle it around for
38,and wiggle it around for awhile ? Afterward
38,"around for awhile ? Afterward , which feels"
38,"? Afterward , which feels better , your"
38,"which feels better , your finger or your"
38,", your finger or your ear ? ''"
39,Arnold Swartzeneger and Sylvester Stallone are making a
39,Sylvester Stallone are making a movie about the
39,making a movie about the lives of the
39,about the lives of the great composers .
39,of the great composers . Stallone says ``
39,composers . Stallone says `` I want to
39,says `` I want to be Mozart .
39,want to be Mozart . '' Swartzeneger says
39,Mozart . '' Swartzeneger says : `` In
39,Swartzeneger says : `` In that case ...
39,`` In that case ... I 'll be
39,case ... I 'll be Bach . ''
40,A horse walks into a bar . Bartender
40,into a bar . Bartender says : ``
40,". Bartender says : `` So , why"
40,": `` So , why the long face"
41,A boy comes home from school and tells
41,home from school and tells his mother that
41,and tells his mother that he got a
41,mother that he got a part in the
41,got a part in the school play .
41,in the school play . `` What part
41,play . `` What part ? '' the
41,What part ? '' the mother asked .
41,'' the mother asked . `` I play
41,asked . `` I play a Jewish husband
41,"I play a Jewish husband , '' the"
41,"Jewish husband , '' the boy replied ."
41,'' the boy replied . `` Go back
41,replied . `` Go back to school and
41,Go back to school and tell your teacher
41,school and tell your teacher that you want
41,your teacher that you want a speaking role
42,A couple has been married for 75 years
42,been married for 75 years . For the
42,75 years . For the husband 's 95th
42,"For the husband 's 95th birthday , his"
42,"'s 95th birthday , his wife decides to"
42,", his wife decides to surprise him by"
42,decides to surprise him by hiring a prostitute
42,him by hiring a prostitute . That day
42,"a prostitute . That day , the doorbell"
42,"That day , the doorbell rings . The"
42,the doorbell rings . The husband uses his
42,. The husband uses his walker to get
42,uses his walker to get to the door
42,to get to the door and opens it
42,the door and opens it . A 21-year-old
42,opens it . A 21-year-old in a latex
42,A 21-year-old in a latex outfit smiles and
42,"a latex outfit smiles and says , ``"
42,"smiles and says , `` Hi , I"
42,", `` Hi , I here to give"
42,", I here to give you super sex"
42,to give you super sex ! '' The
42,super sex ! '' The old man says
42,"'' The old man says , `` I"
42,"man says , `` I 'll take the"
42,`` I 'll take the soup . ''
43,There was an engineer who had an exceptional
43,engineer who had an exceptional gift for fixing
43,an exceptional gift for fixing all things mechanical
43,for fixing all things mechanical . After serving
43,things mechanical . After serving his company loyally
43,After serving his company loyally for over 30
43,"company loyally for over 30 years , he"
43,"over 30 years , he happily retired ."
43,", he happily retired . Several years later"
43,retired . Several years later the company contacted
43,years later the company contacted him regarding a
43,company contacted him regarding a seemingly impossible problem
43,regarding a seemingly impossible problem they were having
43,impossible problem they were having with one of
43,were having with one of their multi-million dollar
43,one of their multi-million dollar machines . They
43,multi-million dollar machines . They had tried everything
43,. They had tried everything and everyone else
43,tried everything and everyone else to get the
43,"everyone else to get the machine fixed ,"
43,"get the machine fixed , but to no"
43,"fixed , but to no avail . In"
43,"to no avail . In desperation , they"
43,". In desperation , they called on the"
43,", they called on the retired engineer who"
43,on the retired engineer who had solved so
43,engineer who had solved so many of their
43,solved so many of their problems in the
43,of their problems in the past . The
43,in the past . The engineer reluctantly took
43,. The engineer reluctantly took the challenge .
43,reluctantly took the challenge . He spent a
43,challenge . He spent a day studying the
43,spent a day studying the huge machine .
43,studying the huge machine . At the end
43,machine . At the end of the day
43,"the end of the day , he marked"
43,"the day , he marked a small ``"
43,he marked a small `` x '' in
43,small `` x '' in chalk on a
43,'' in chalk on a particular component of
43,on a particular component of the machine and
43,"component of the machine and proudly stated ,"
43,"machine and proudly stated , `` This is"
43,"stated , `` This is where your problem"
43,This is where your problem is '' .
43,your problem is '' . The part was
43,'' . The part was replaced and the
43,part was replaced and the machine worked perfectly
43,and the machine worked perfectly again . The
43,worked perfectly again . The company received a
43,. The company received a bill for $
43,"received a bill for $ 50,000 from the"
43,"for $ 50,000 from the engineer for his"
43,from the engineer for his service.They demanded an
43,for his service.They demanded an itemized accounting of
43,demanded an itemized accounting of his charges .
43,accounting of his charges . The engineer responded
43,charges . The engineer responded briefly : One
43,engineer responded briefly : One chalk mark $
43,: One chalk mark $ 1 Knowing where
43,mark $ 1 Knowing where to put it
43,"Knowing where to put it $ 49,999 It"
43,"put it $ 49,999 It was paid in"
43,"49,999 It was paid in full and the"
43,paid in full and the engineer retired again
43,and the engineer retired again in peace .
44,"The graduate with a Science degree asks ,"
44,"a Science degree asks , `` Why does"
44,"asks , `` Why does it work ?"
44,Why does it work ? '' The graduate
44,work ? '' The graduate with an Engineering
44,"The graduate with an Engineering degree asks ,"
44,"an Engineering degree asks , `` How does"
44,"asks , `` How does it work ?"
44,How does it work ? '' The graduate
44,work ? '' The graduate with an Accounting
44,"The graduate with an Accounting degree Asks ,"
44,"an Accounting degree Asks , `` How much"
44,"Asks , `` How much will it cost"
44,How much will it cost ? '' The
44,it cost ? '' The graduate with a
44,'' The graduate with a Liberal Arts degree
44,"with a Liberal Arts degree asks , ``"
44,"Arts degree asks , `` Do you want"
44,", `` Do you want fries with that"
45,Three engineering students were gathered together discussing the
45,were gathered together discussing the possible designers of
45,discussing the possible designers of the human body
45,designers of the human body . One said
45,"human body . One said , `` It"
45,"One said , `` It was a mechanical"
45,`` It was a mechanical engineer . Just
45,a mechanical engineer . Just look at all
45,. Just look at all the joints .
45,at all the joints . '' Another said
45,"joints . '' Another said , `` No"
45,"Another said , `` No , it was"
45,"`` No , it was an electrical engineer"
45,it was an electrical engineer . The nervous
45,electrical engineer . The nervous systems many thousands
45,The nervous systems many thousands of electrical connections
45,many thousands of electrical connections . '' The
45,"electrical connections . '' The last said ,"
45,"'' The last said , `` Actually it"
45,"said , `` Actually it was a civil"
45,Actually it was a civil engineer . Who
45,a civil engineer . Who else would run
45,. Who else would run a toxic waste
45,would run a toxic waste pipeline through a
45,toxic waste pipeline through a recreational area ?
46,Q . What 's O. J. Simpson 's
46,'s O. J. Simpson 's Internet address ?
46,Simpson 's Internet address ? A . Slash
46,"address ? A . Slash , slash ,"
46,". Slash , slash , backslash , slash"
46,"slash , backslash , slash , slash ,"
47,A guy goes into confession and says to
47,"into confession and says to the priest ,"
47,"says to the priest , `` Father ,"
47,"priest , `` Father , I 'm 80"
47,"Father , I 'm 80 years old ,"
47,"'m 80 years old , widower , with"
47,"old , widower , with 11 grandchildren ."
47,", with 11 grandchildren . Last night I"
47,grandchildren . Last night I met two beautiful
47,night I met two beautiful flight attendants .
47,two beautiful flight attendants . They took me
47,attendants . They took me home and I
47,took me home and I made love to
47,and I made love to both of them
47,love to both of them . Twice .
47,of them . Twice . '' The priest
47,Twice . '' The priest said : ``
47,"The priest said : `` Well , my"
47,": `` Well , my son , when"
47,", my son , when was the last"
47,", when was the last time you were"
47,the last time you were in confession ?
47,you were in confession ? '' `` Never
47,"confession ? '' `` Never Father , I"
47,"`` Never Father , I 'm Jewish ."
47,", I 'm Jewish . '' `` So"
47,"Jewish . '' `` So then , why"
47,"`` So then , why are you telling"
47,", why are you telling me ? ''"
47,you telling me ? '' `` I 'm
47,? '' `` I 'm telling everybody .
48,Did you hear that Clinton has announced there
48,that Clinton has announced there is a new
48,announced there is a new national bird ?
48,a new national bird ? The spread eagle
49,Q : What do Monica Lewinsky and Bob
49,do Monica Lewinsky and Bob Dole have in
49,and Bob Dole have in common ? A
49,have in common ? A : They were
49,? A : They were both upset when
49,They were both upset when Bill finished first
50,One Sunday morning William burst into the living
50,William burst into the living room and said
50,"the living room and said , `` Dad"
50,"and said , `` Dad ! Mom !"
50,`` Dad ! Mom ! I have some
50,Mom ! I have some great news for
50,have some great news for you ! I
50,news for you ! I am getting married
50,! I am getting married to the most
50,getting married to the most beautiful girl in
50,the most beautiful girl in town . She
50,girl in town . She lives a block
50,. She lives a block away and her
50,a block away and her name is Susan
50,and her name is Susan . '' After
50,"is Susan . '' After dinner , William"
50,"'' After dinner , William 's dad took"
50,", William 's dad took him aside ."
50,"dad took him aside . `` Son ,"
50,"aside . `` Son , I have to"
50,"Son , I have to talk with you"
50,have to talk with you . Your mother
50,with you . Your mother and I have
50,Your mother and I have been married 30
50,I have been married 30 years .. She
50,married 30 years .. She 's a wonderful
50,.. She 's a wonderful wife but she
50,a wonderful wife but she has never offered
50,but she has never offered much excitement in
50,"never offered much excitement in the bedroom ,"
50,"excitement in the bedroom , so I used"
50,"bedroom , so I used to fool around"
50,I used to fool around with women a
50,fool around with women a lot . Susan
50,women a lot . Susan is actually your
50,". Susan is actually your half-sister , and"
50,"actually your half-sister , and I 'm afraid"
50,", and I 'm afraid you ca n't"
50,'m afraid you ca n't marry her .
50,ca n't marry her . '' William was
50,her . '' William was heart-broken . After
50,William was heart-broken . After eight months he
50,. After eight months he eventually started dating
50,months he eventually started dating girls again .
50,started dating girls again . A year later
50,again . A year later he came home
50,year later he came home and very proudly
50,"came home and very proudly announced , ``"
50,"very proudly announced , `` Dianne said yes"
50,", `` Dianne said yes ! We 're"
50,said yes ! We 're getting married in
50,We 're getting married in June . ''
50,married in June . '' Again his father
50,. '' Again his father insisted on another
50,his father insisted on another private conversation and
50,on another private conversation and broke the sad
50,conversation and broke the sad news . ``
50,the sad news . `` Dianne is your
50,". `` Dianne is your half-sister too ,"
50,"is your half-sister too , William . I"
50,"too , William . I 'm awfully sorry"
50,. I 'm awfully sorry about this .
50,awfully sorry about this . '' William was
50,this . '' William was furious ! He
50,William was furious ! He finally decided to
50,! He finally decided to go to his
50,decided to go to his mother with the
50,to his mother with the news . ``
50,with the news . `` Dad has done
50,. `` Dad has done so much harm
50,has done so much harm .. I guess
50,much harm .. I guess I 'm never
50,I guess I 'm never going to get
50,"'m never going to get married , ''"
50,"to get married , '' he complained ."
50,", '' he complained . `` Every time"
50,complained . `` Every time I fall in
50,"Every time I fall in love , Dad"
50,"fall in love , Dad tells me the"
50,", Dad tells me the girl is my"
50,me the girl is my half-sister . ''
50,is my half-sister . '' His mother just
50,. '' His mother just shook her head
50,mother just shook her head . `` Do
50,her head . `` Do n't pay any
50,`` Do n't pay any attention to what
50,"pay any attention to what he says ,"
50,"to what he says , dear . He"
50,"says , dear . He 's not really"
50,. He 's not really your father .
51,"The Pope dies and , naturally , goes"
51,"and , naturally , goes to heaven ."
51,", goes to heaven . He 's met"
51,heaven . He 's met by the reception
51,"'s met by the reception committee , and"
51,"the reception committee , and after a whirlwind"
51,", and after a whirlwind tour he is"
51,a whirlwind tour he is told that he
51,he is told that he can enjoy any
51,that he can enjoy any of the myriad
51,enjoy any of the myriad of recreations available
51,the myriad of recreations available . He decides
51,recreations available . He decides that he wants
51,He decides that he wants to read all
51,he wants to read all of the ancient
51,read all of the ancient original text of
51,the ancient original text of the Holy Scriptures
51,"text of the Holy Scriptures , so he"
51,"Holy Scriptures , so he spends the next"
51,so he spends the next eon or so
51,the next eon or so learning languages .
51,or so learning languages . After becoming a
51,"languages . After becoming a linguistic master ,"
51,"becoming a linguistic master , he sits down"
51,"master , he sits down in the library"
51,sits down in the library and begins to
51,the library and begins to pour over every
51,begins to pour over every version of the
51,"over every version of the Bible , working"
51,"of the Bible , working back from most"
51,", working back from most recent `` Easy"
51,from most recent `` Easy Reading '' to
51,`` Easy Reading '' to the original script
51,'' to the original script . All of
51,original script . All of a sudden there
51,All of a sudden there is a scream
51,sudden there is a scream in the library
51,a scream in the library . The Angels
51,the library . The Angels come running in
51,The Angels come running in only to find
51,running in only to find the Pope huddled
51,to find the Pope huddled in his chair
51,"Pope huddled in his chair , crying to"
51,"his chair , crying to himself and muttering"
51,"crying to himself and muttering , `` An"
51,"and muttering , `` An ' R '"
51,`` An ' R ' ! The scribes
51,R ' ! The scribes left out the
51,The scribes left out the ' R '
51,out the ' R ' . '' A
51,R ' . '' A particularly concerned Angel
51,'' A particularly concerned Angel takes him aside
51,"concerned Angel takes him aside , offering comfort"
51,"him aside , offering comfort , asks him"
51,"offering comfort , asks him what the problem"
51,asks him what the problem is and what
51,the problem is and what does he mean
51,and what does he mean . After collecting
51,"he mean . After collecting his wits ,"
51,"After collecting his wits , the Pope sobs"
51,"wits , the Pope sobs again , ``"
51,"Pope sobs again , `` It 's the"
51,", `` It 's the letter ' R"
51,'s the letter ' R ' . They
51,' R ' . They left out the
51,. They left out the ' R '
51,out the ' R ' . The word
51,R ' . The word was supposed to
51,The word was supposed to be CELEBRATE !
52,"A woman has twins , and gives them"
52,"twins , and gives them up for adoption"
52,gives them up for adoption . One of
52,for adoption . One of them goes to
52,One of them goes to a family in
52,goes to a family in Egypt and is
52,family in Egypt and is named `` Amal
52,and is named `` Amal . '' The
52,`` Amal . '' The other goes to
52,'' The other goes to a family in
52,goes to a family in Spain ; they
52,family in Spain ; they name him ``
52,; they name him `` Juan . ''
52,"him `` Juan . '' Years later ,"
52,". '' Years later , Juan sends a"
52,"later , Juan sends a picture of himself"
52,sends a picture of himself to his mom
52,of himself to his mom . Upon receiving
52,"his mom . Upon receiving the picture ,"
52,"Upon receiving the picture , she tells her"
52,"picture , she tells her husband that she"
52,tells her husband that she wishes she also
52,that she wishes she also had a picture
52,she also had a picture of Amal .
52,a picture of Amal . Her husband responds
52,"Amal . Her husband responds , `` But"
52,"husband responds , `` But they are twins-if"
52,`` But they are twins-if you 've seen
52,"are twins-if you 've seen Juan , you"
52,"'ve seen Juan , you 've seen Amal"
53,A man and Cindy Crawford get stranded on
53,Cindy Crawford get stranded on a desert island
53,stranded on a desert island . After a
53,desert island . After a couple of days
53,After a couple of days they fall in
53,of days they fall in love and start
53,fall in love and start sleeping together .
53,and start sleeping together . Time pass the
53,together . Time pass the man seems frustrated
53,"pass the man seems frustrated , Cindy asks"
53,"seems frustrated , Cindy asks if there is"
53,Cindy asks if there is anything she can
53,there is anything she can do ? He
53,she can do ? He says there is
53,"? He says there is one thing ,"
53,"there is one thing , `` Could you"
53,"thing , `` Could you put on this"
53,Could you put on this baseball cap and
53,on this baseball cap and go to the
53,cap and go to the other side of
53,to the other side of the island and
53,side of the island and answer me when
53,island and answer me when I call you
53,me when I call you Bob ? ''
53,call you Bob ? '' She agrees .
53,? '' She agrees . Next day he
53,agrees . Next day he is walking on
53,day he is walking on the other side
53,walking on the other side of the island
53,"other side of the island , runs into"
53,"the island , runs into her and says"
53,runs into her and says `` Hi Bob
53,and says `` Hi Bob ! '' She
53,Hi Bob ! '' She says `` Hello
53,"'' She says `` Hello , what 's"
53,"`` Hello , what 's up ? ''"
53,what 's up ? '' He replies :
53,? '' He replies : `` Bob you
53,replies : `` Bob you wo n't believe
53,Bob you wo n't believe it : I
53,n't believe it : I 've been sleeping
53,: I 've been sleeping with Cindy Crawford
53,been sleeping with Cindy Crawford for the past
53,Cindy Crawford for the past two weeks !
53,the past two weeks ! ! ! !
54,Why are there so many Jones 's in
54,so many Jones 's in the phone book
54,'s in the phone book ? Because they
54,phone book ? Because they all have phones
55,How many teddybears does it take to change
55,does it take to change a lightbulb ?
55,to change a lightbulb ? It takes only
55,"lightbulb ? It takes only one teddybear ,"
55,"takes only one teddybear , but it takes"
55,"teddybear , but it takes a whole lot"
55,it takes a whole lot of lightbulbs .
56,The Chukcha ( Russian Eskimo ) phones up
56,Russian Eskimo ) phones up the Russian Parliament
56,phones up the Russian Parliament Building . A
56,Russian Parliament Building . A guard answers .
56,. A guard answers . Chukcha : ``
56,answers . Chukcha : `` What is required
56,: `` What is required to become Parliament
56,is required to become Parliament member ? ''
56,become Parliament member ? '' Guard : ``
56,? '' Guard : `` What are you
56,": `` What are you , an idiot"
56,"are you , an idiot ? '' Chukcha"
56,an idiot ? '' Chukcha : `` Is
56,'' Chukcha : `` Is it required ?
57,Bill & Hillary are on a trip back
57,are on a trip back to Arkansas .
57,trip back to Arkansas . They 're almost
57,Arkansas . They 're almost out of gas
57,"'re almost out of gas , so Bill"
57,"of gas , so Bill pulls into a"
57,so Bill pulls into a service station on
57,into a service station on the outskirts of
57,station on the outskirts of town . The
57,outskirts of town . The attendant runs out
57,. The attendant runs out of the station
57,runs out of the station to serve them
57,the station to serve them when Hillary realizes
57,serve them when Hillary realizes it 's an
57,Hillary realizes it 's an old boyfriend from
57,'s an old boyfriend from high school .
57,boyfriend from high school . She and the
57,school . She and the attendant chat as
57,and the attendant chat as he gases up
57,chat as he gases up their car and
57,gases up their car and cleans the windows
57,car and cleans the windows . Then they
57,the windows . Then they all say good-bye
57,Then they all say good-bye . As Bill
57,say good-bye . As Bill pulls the car
57,As Bill pulls the car onto the road
57,"the car onto the road , he turns"
57,"the road , he turns to Hillary and"
57,"he turns to Hillary and says , 'Now"
57,"Hillary and says , 'Now are n't you"
57,", 'Now are n't you glad you married"
57,n't you glad you married me and not
57,you married me and not him ? You
57,and not him ? You could 've been
57,? You could 've been the wife of
57,'ve been the wife of a grease monkey
57,wife of a grease monkey ! ' To
57,grease monkey ! ' To which Hillary replied
57,"' To which Hillary replied , 'No ,"
57,"Hillary replied , 'No , Bill . If"
57,"'No , Bill . If I would have"
57,". If I would have married him ,"
57,"would have married him , you 'd be"
57,"him , you 'd be pumping gas and"
57,'d be pumping gas and he would be
57,gas and he would be the President !
58,What did the Buddhist say to the hot
58,Buddhist say to the hot dog vendor ?
58,the hot dog vendor ? Make me one
58,vendor ? Make me one with everything .
59,"During a recent publicity outing , Hillary sneaked"
59,"publicity outing , Hillary sneaked off to visit"
59,Hillary sneaked off to visit a fortune teller
59,to visit a fortune teller of some local
59,fortune teller of some local repute . In
59,some local repute . In a dark and
59,". In a dark and hazy room ,"
59,"dark and hazy room , peering into a"
59,"room , peering into a crystal ball ,"
59,"into a crystal ball , the mystic delivered"
59,"ball , the mystic delivered grave news ."
59,mystic delivered grave news . `` There 's
59,news . `` There 's no easy way
59,There 's no easy way to say this
59,"easy way to say this , so I"
59,"say this , so I 'll just be"
59,so I 'll just be blunt : Prepare
59,just be blunt : Prepare yourself to be
59,: Prepare yourself to be a widow .
59,to be a widow . Your husband will
59,widow . Your husband will die a violent
59,husband will die a violent and horrible death
59,a violent and horrible death this year .
59,horrible death this year . '' Visibly shaken
59,"year . '' Visibly shaken , Hillary stared"
59,"Visibly shaken , Hillary stared at the woman"
59,Hillary stared at the woman 's lined face
59,"the woman 's lined face , then at"
59,"lined face , then at the single flickering"
59,"then at the single flickering candle , then"
59,"single flickering candle , then down at her"
59,", then down at her hands . She"
59,at her hands . She took a few
59,. She took a few deep breaths to
59,a few deep breaths to compose herself .
59,breaths to compose herself . She simply had
59,herself . She simply had to know .
59,simply had to know . She met the
59,know . She met the fortune teller 's
59,"met the fortune teller 's gaze , steadied"
59,"teller 's gaze , steadied her voice ,"
59,", steadied her voice , and asked her"
59,"voice , and asked her question . ``"
59,asked her question . `` Will I be
59,. `` Will I be acquitted ? ''
60,A group of managers were given the assignment
60,managers were given the assignment to measure the
60,the assignment to measure the height of a
60,measure the height of a flagpole . So
60,of a flagpole . So they go out
60,. So they go out to the flagpole
60,go out to the flagpole with ladders and
60,"the flagpole with ladders and tape measures ,"
60,"ladders and tape measures , and they 're"
60,"measures , and they 're falling off the"
60,"they 're falling off the ladders , dropping"
60,"off the ladders , dropping the tape measures"
60,", dropping the tape measures - the whole"
60,tape measures - the whole thing is just
60,the whole thing is just a mess .
60,is just a mess . An engineer comes
60,mess . An engineer comes along and sees
60,engineer comes along and sees what they 're
60,and sees what they 're trying to do
60,"they 're trying to do , walks over"
60,"to do , walks over , pulls the"
60,"walks over , pulls the flagpole out of"
60,"pulls the flagpole out of the ground ,"
60,"out of the ground , lays it flat"
60,"ground , lays it flat , measures it"
60,"it flat , measures it from end to"
60,"measures it from end to end , gives"
60,"end to end , gives the measurement to"
60,", gives the measurement to one of the"
60,measurement to one of the managers and walks
60,of the managers and walks away . After
60,and walks away . After the engineer has
60,". After the engineer has gone , one"
60,"engineer has gone , one manager turns to"
60,", one manager turns to another and laughs"
60,turns to another and laughs . `` Is
60,and laughs . `` Is n't that just
60,`` Is n't that just like an engineer
60,"that just like an engineer , we 're"
60,"an engineer , we 're looking for the"
60,we 're looking for the height and he
60,for the height and he gives us the
60,and he gives us the length . ''
61,"An engineer , a physicist and a mathematician"
61,a physicist and a mathematician are sleeping in
61,a mathematician are sleeping in a room .
61,sleeping in a room . There is a
61,room . There is a fire in the
61,is a fire in the room . The
61,in the room . The engineer wakes up
61,". The engineer wakes up , sees the"
61,"wakes up , sees the fire , picks"
61,"sees the fire , picks up the bucket"
61,", picks up the bucket of water and"
61,the bucket of water and douses the fire
61,water and douses the fire and goes back
61,the fire and goes back to sleep .
61,goes back to sleep . Again there is
61,sleep . Again there is fire in the
61,there is fire in the room . This
61,"in the room . This time , the"
61,". This time , the physicist wakes up"
61,", the physicist wakes up , notices the"
61,"wakes up , notices the bucket , fills"
61,"notices the bucket , fills it with water"
61,", fills it with water , calculates the"
61,"with water , calculates the optimal trajectory and"
61,calculates the optimal trajectory and douses the fire
61,trajectory and douses the fire in minimum amount
61,the fire in minimum amount of water and
61,minimum amount of water and goes back to
61,water and goes back to sleep . Again
61,back to sleep . Again there is fire
61,. Again there is fire . This time
61,is fire . This time the mathematician wakes
61,This time the mathematician wakes up . He
61,mathematician wakes up . He looks at the
61,". He looks at the fire , looks"
61,"at the fire , looks at the bucket"
61,", looks at the bucket and the water"
61,"the bucket and the water and exclaims ,"
61,"the water and exclaims , `` A solution"
61,"exclaims , `` A solution exists '' and"
61,A solution exists '' and goes back to
62,What is the rallying cry of the International
62,rallying cry of the International Dyslexic Pride movement
62,the International Dyslexic Pride movement ? Dyslexics Untie
63,Two Rednecks were seated at the end of
63,seated at the end of a bar when
63,end of a bar when a young lady
63,bar when a young lady seated a few
63,young lady seated a few stools up began
63,a few stools up began to choke on
63,up began to choke on a piece of
63,choke on a piece of hamburger . She
63,piece of hamburger . She was turning blue
63,. She was turning blue and obviously in
63,turning blue and obviously in serious respiratory distress
63,obviously in serious respiratory distress . One said
63,respiratory distress . One said to the other
63,"One said to the other , `` That"
63,"the other , `` That gal there is"
63,`` That gal there is having a bad
63,there is having a bad time ! ''
63,a bad time ! '' The other agreed
63,! '' The other agreed and said ``
63,other agreed and said `` Think we should
63,said `` Think we should go help ?
63,we should go help ? '' `` You
63,"help ? '' `` You bet , ''"
63,"`` You bet , '' said the first"
63,", '' said the first , and with"
63,"the first , and with that , he"
63,"and with that , he ran over and"
63,", he ran over and said , ``"
63,"over and said , `` Can you breathe"
63,", `` Can you breathe ? ? ''"
63,you breathe ? ? '' She shook her
63,? '' She shook her head no .
63,"shook her head no . He said ,"
63,"no . He said , `` Can you"
63,"said , `` Can you speak ? ?"
63,Can you speak ? ? '' She again
63,? ? '' She again shook her head
63,She again shook her head no . With
63,"her head no . With that , he"
63,". With that , he pulled up her"
63,", he pulled up her skirt and licked"
63,up her skirt and licked her on the
63,and licked her on the butt . She
63,on the butt . She was so shocked
63,". She was so shocked , she coughed"
63,"so shocked , she coughed up the obstruction"
63,she coughed up the obstruction and began to
63,the obstruction and began to breathe-with great relief
63,began to breathe-with great relief . The redneck
63,great relief . The redneck walked back to
63,The redneck walked back to his friend and
63,"back to his friend and said , ``"
63,"friend and said , `` Funny how that"
63,", `` Funny how that hind lick maneuver"
63,how that hind lick maneuver always works .
64,A lawyer opened the door of his BMW
64,"the door of his BMW , when suddenly"
64,"his BMW , when suddenly a car came"
64,when suddenly a car came along and hit
64,"car came along and hit the door ,"
64,"and hit the door , ripping it off"
64,"door , ripping it off completely . When"
64,it off completely . When the police arrived
64,. When the police arrived at the scene
64,"police arrived at the scene , the lawyer"
64,"the scene , the lawyer was complaining bitterly"
64,the lawyer was complaining bitterly about the damage
64,complaining bitterly about the damage to his precious
64,the damage to his precious BMW . ``
64,"his precious BMW . `` Officer , look"
64,". `` Officer , look what they 've"
64,", look what they 've done to my"
64,they 've done to my Beeeeemer ! !
64,"to my Beeeeemer ! ! ! `` ,"
64,"! ! ! `` , he whined ."
64,"`` , he whined . `` You lawyers"
64,whined . `` You lawyers are so materialistic
64,"You lawyers are so materialistic , you make"
64,"so materialistic , you make me sick !"
64,you make me sick ! ! ! ''
64,sick ! ! ! '' retorted the officer
64,! '' retorted the officer . `` You
64,the officer . `` You 're so worried
64,`` You 're so worried about your stupid
64,"so worried about your stupid BMW , that"
64,"your stupid BMW , that you did n't"
64,", that you did n't even notice that"
64,did n't even notice that your left arm
64,notice that your left arm was ripped off
64,left arm was ripped off ! ! !
64,ripped off ! ! ! '' `` Oh
64,! ! '' `` Oh my gaaaad ...
64,"`` Oh my gaaaad ... '' , replied"
64,"gaaaad ... '' , replied the lawyer ,"
64,", replied the lawyer , finally noticing the"
64,"lawyer , finally noticing the bloody left shoulder"
64,noticing the bloody left shoulder where his arm
64,left shoulder where his arm once was .
64,his arm once was . `` Where 's
64,was . `` Where 's my Rolex ?
64,Where 's my Rolex ? ? ? !
64,Rolex ? ? ? ! ! ! !
65,"Once upon a time , two brooms fell"
65,"time , two brooms fell in love and"
65,brooms fell in love and decided to get
65,love and decided to get married . Before
65,"to get married . Before the ceremony ,"
65,". Before the ceremony , the bride broom"
65,"ceremony , the bride broom informed the groom"
65,bride broom informed the groom broom that she
65,the groom broom that she was expecting a
65,that she was expecting a little whiskbroom .
65,expecting a little whiskbroom . The groom broom
65,whiskbroom . The groom broom was aghast !
65,groom broom was aghast ! `` How is
65,aghast ! `` How is this possible ?
65,How is this possible ? '' he asked
65,possible ? '' he asked . `` We
65,he asked . `` We 've never swept
66,A man piloting a hot air balloon discovers
66,a hot air balloon discovers he has wandered
66,balloon discovers he has wandered off course and
66,has wandered off course and is hopelessly lost
66,course and is hopelessly lost . He descends
66,hopelessly lost . He descends to a lower
66,He descends to a lower altitude and locates
66,a lower altitude and locates a man down
66,and locates a man down on the ground
66,man down on the ground . He lowers
66,the ground . He lowers the balloon further
66,He lowers the balloon further and shouts ``
66,"balloon further and shouts `` Excuse me ,"
66,"shouts `` Excuse me , can you tell"
66,"me , can you tell me where I"
66,you tell me where I am ? ''
66,where I am ? '' The man below
66,? '' The man below says : ``
66,"man below says : `` Yes , you"
66,": `` Yes , you 're in a"
66,", you 're in a hot air balloon"
66,"in a hot air balloon , about 30"
66,"air balloon , about 30 feet above this"
66,about 30 feet above this field . ''
66,above this field . '' `` You must
66,. '' `` You must work in Information
66,"You must work in Information Technology , ''"
66,"in Information Technology , '' says the balloonist"
66,", '' says the balloonist . `` Yes"
66,"the balloonist . `` Yes I do ,"
66,"`` Yes I do , '' replies the"
66,"do , '' replies the man . ``"
66,replies the man . `` And how did
66,. `` And how did you know that
66,how did you know that ? '' ``
66,"know that ? '' `` Well , ''"
66,"'' `` Well , '' says the balloonist"
66,", '' says the balloonist , `` what"
66,"the balloonist , `` what you told me"
66,`` what you told me is technically correct
66,"told me is technically correct , but of"
66,"technically correct , but of no use to"
66,but of no use to anyone . ''
66,use to anyone . '' The man below
66,". '' The man below says , ``"
66,"man below says , `` You must work"
66,", `` You must work in management ."
66,must work in management . '' `` I
66,"management . '' `` I do , ''"
66,"`` I do , '' replies the balloonist"
66,", '' replies the balloonist , `` how"
66,"the balloonist , `` how did you know"
66,`` how did you know ? '' ``
66,"you know ? '' `` Well , ''"
66,"'' `` Well , '' says the man"
66,", '' says the man , `` you"
66,"the man , `` you do n't know"
66,`` you do n't know where you are
66,"n't know where you are , or where"
66,"you are , or where you 're going"
66,"or where you 're going , but you"
66,"'re going , but you expect my immediate"
66,but you expect my immediate help . You
66,my immediate help . You 're in the
66,. You 're in the same position you
66,in the same position you were before we
66,"position you were before we met , but"
66,"before we met , but now it 's"
66,", but now it 's my fault !"
67,"This guys wife asks , `` Honey if"
67,"asks , `` Honey if I died would"
67,Honey if I died would you remarry ?
67,died would you remarry ? '' and he
67,"remarry ? '' and he replies , ``"
67,"and he replies , `` Well , after"
67,", `` Well , after a considerable period"
67,", after a considerable period of grieving ,"
67,"considerable period of grieving , we all need"
67,"grieving , we all need companionship , I"
67,"all need companionship , I guess I would"
67,", I guess I would . '' She"
67,"I would . '' She then asks ,"
67,"'' She then asks , `` If I"
67,"asks , `` If I died and you"
67,"If I died and you remarried , would"
67,"and you remarried , would she live in"
67,", would she live in this house ?"
67,live in this house ? '' and he
67,"house ? '' and he replies , ``"
67,"and he replies , `` We 've spent"
67,", `` We 've spent a lot of"
67,'ve spent a lot of time and money
67,lot of time and money getting this house
67,and money getting this house just the way
67,this house just the way we want it
67,the way we want it . I 'm
67,want it . I 'm not going to
67,I 'm not going to get rid of
67,"going to get rid of my house ,"
67,"rid of my house , I guess she"
67,"house , I guess she would . ''"
67,guess she would . '' `` If I
67,. '' `` If I died and you
67,"If I died and you remarried , and"
67,"and you remarried , and she lived in"
67,", and she lived in this house ,"
67,"lived in this house , would she sleep"
67,"house , would she sleep in our bed"
67,she sleep in our bed ? '' and
67,"our bed ? '' and he says ,"
67,"'' and he says , `` That bed"
67,"says , `` That bed is brand new"
67,"That bed is brand new , we just"
67,"brand new , we just paid two thousand"
67,we just paid two thousand dollars for it
67,"two thousand dollars for it , it 's"
67,"for it , it 's going to last"
67,it 's going to last a long time
67,"to last a long time , I guess"
67,"long time , I guess she would ."
67,I guess she would . '' So she
67,"would . '' So she asks , ``"
67,"So she asks , `` If I died"
67,", `` If I died and you remarried"
67,"I died and you remarried , and she"
67,"you remarried , and she lived in this"
67,"and she lived in this house , and"
67,"in this house , and slept in our"
67,", and slept in our bed , would"
67,"in our bed , would she use my"
67,", would she use my golf clubs ?"
67,use my golf clubs ? '' `` Oh
67,"clubs ? '' `` Oh no , she"
67,"`` Oh no , she 's left handed"
68,How many feminists does it take to screw
68,does it take to screw in a light
68,to screw in a light bulb ? That
68,a light bulb ? That 's not funny
69,Employer to applicant : `` In this job
69,: `` In this job we need someone
69,this job we need someone who is responsible
69,need someone who is responsible . '' Applicant
69,is responsible . '' Applicant : `` I
69,'' Applicant : `` I 'm the one
69,`` I 'm the one you want .
69,the one you want . On my last
69,"want . On my last job , every"
69,"my last job , every time anything went"
69,", every time anything went wrong , they"
69,"anything went wrong , they said I was"
69,", they said I was responsible . ''"
70,At a recent Sacramento PC Users Group meeting
70,"Sacramento PC Users Group meeting , a company"
70,"Group meeting , a company was demonstrating its"
70,a company was demonstrating its latest speech- recognition
70,demonstrating its latest speech- recognition software . A
70,speech- recognition software . A representative from the
70,. A representative from the company was just
70,from the company was just about ready to
70,was just about ready to start the demonstration
70,ready to start the demonstration and asked everyone
70,the demonstration and asked everyone in the room
70,asked everyone in the room to quiet down
70,the room to quiet down . Just then
70,quiet down . Just then someone in the
70,Just then someone in the back of the
70,"in the back of the room yelled ,"
70,"of the room yelled , `` Format C"
70,"yelled , `` Format C : Return ."
70,Format C : Return . '' Someone else
70,Return . '' Someone else chimed in :
70,"Someone else chimed in : `` Yes ,"
70,"in : `` Yes , Return '' Unfortunately"
70,"Yes , Return '' Unfortunately , the software"
71,"On the first day of college , the"
71,"day of college , the Dean addressed the"
71,", the Dean addressed the students , pointing"
71,"addressed the students , pointing out some of"
71,", pointing out some of the rules :"
71,some of the rules : `` The female
71,rules : `` The female dormitory will be
71,The female dormitory will be out-of-bounds for all
71,will be out-of-bounds for all male students and
71,for all male students and the male dormitory
71,students and the male dormitory to the female
71,male dormitory to the female students . Anybody
71,the female students . Anybody caught breaking this
71,. Anybody caught breaking this rule will be
71,breaking this rule will be finded $ 20
71,will be finded $ 20 the first time
71,$ 20 the first time . '' He
71,"first time . '' He continued , ``"
71,"'' He continued , `` Anybody caught breaking"
71,", `` Anybody caught breaking this rule the"
71,caught breaking this rule the second time will
71,rule the second time will be fined $
71,time will be fined $ 60 . Being
71,fined $ 60 . Being caught a third
71,. Being caught a third time will cost
71,a third time will cost you a fine
71,will cost you a fine of $ 180
71,a fine of $ 180 . Are there
71,$ 180 . Are there any questions ?
71,Are there any questions ? '' At this
71,"questions ? '' At this point , a"
71,"At this point , a male student in"
71,", a male student in the crowd inquired"
71,student in the crowd inquired : `` How
71,crowd inquired : `` How much for a
71,`` How much for a season pass ?
72,Q : What is the difference between George
72,"is the difference between George Washington , Richard"
72,"between George Washington , Richard Nixon , and"
72,", Richard Nixon , and Bill Clinton ?"
72,", and Bill Clinton ? A : Washington"
72,Clinton ? A : Washington could n't tell
72,": Washington could n't tell a lie ,"
72,"n't tell a lie , Nixon could n't"
72,"lie , Nixon could n't tell the truth"
72,"could n't tell the truth , and Clinton"
72,"the truth , and Clinton does n't know"
72,and Clinton does n't know the difference .
73,Q : How many stalkers does it take
73,many stalkers does it take to change a
73,it take to change a light bulb ?
73,change a light bulb ? A : Two
73,bulb ? A : Two . One to
73,: Two . One to replace the bulb
73,"One to replace the bulb , and the"
73,"the bulb , and the other to watch"
73,and the other to watch it day and
74,Q : Do you know the difference between
74,you know the difference between an intelligent male
74,difference between an intelligent male and the Sasquatch
74,intelligent male and the Sasquatch ? A :
74,the Sasquatch ? A : There have been
74,A : There have been actual reported sightings
74,have been actual reported sightings of the Sasquatch
75,There once was a man and a woman
75,a man and a woman that both got
75,a woman that both got in a terrible
75,both got in a terrible car wreck .
75,a terrible car wreck . Both of their
75,wreck . Both of their vehicles were completely
75,"of their vehicles were completely destroyed , buy"
75,"were completely destroyed , buy fortunately , no"
75,", buy fortunately , no one was hurt"
75,", no one was hurt . In thankfulness"
75,"was hurt . In thankfulness , the woman"
75,"In thankfulness , the woman said to the"
75,"the woman said to the man , 'We"
75,"to the man , 'We are both okay"
75,", 'We are both okay , so we"
75,"both okay , so we should celebrate ."
75,so we should celebrate . I have a
75,celebrate . I have a bottle of wine
75,have a bottle of wine in my car
75,"of wine in my car , let 's"
75,"my car , let 's open it ."
75,let 's open it . ' So the
75,it . ' So the woman got the
75,So the woman got the bottleout of the
75,"got the bottleout of the car , and"
75,"of the car , and handed it to"
75,", and handed it to the man ."
75,it to the man . The man took
75,man . The man took a really big
75,"man took a really big drink , and"
75,"really big drink , and handed the woman"
75,", and handed the woman the bottle ."
75,the woman the bottle . The woman closed
75,bottle . The woman closed the bottle and
75,woman closed the bottle and put it down
75,bottle and put it down . The man
75,"it down . The man asked , 'Are"
75,"The man asked , 'Are n't you going"
75,", 'Are n't you going to take a"
75,you going to take a drink ? '
75,take a drink ? ' The woman cleverly
75,"? ' The woman cleverly replied , 'No"
75,"woman cleverly replied , 'No , I think"
75,", 'No , I think I 'll just"
75,I think I 'll just wait for the
75,'ll just wait for the cops to get
75,for the cops to get here . '
76,If pro- is the opposite of con- then
76,the opposite of con- then congress must be
76,con- then congress must be the opposite of
77,Q : What 's the difference between the
77,'s the difference between the government and the
77,between the government and the Mafia ? A
77,and the Mafia ? A : One of
77,? A : One of them is organized
78,Q : Ever wonder why the IRS calls
78,wonder why the IRS calls it Form 1040
78,IRS calls it Form 1040 ? A :
78,Form 1040 ? A : Because for every
78,A : Because for every $ 50 that
78,"for every $ 50 that you earn ,"
78,"50 that you earn , you get 10"
78,"earn , you get 10 and they get"
79,Q . Did you hear about the dyslexic
79,you hear about the dyslexic devil worshiper ?
79,the dyslexic devil worshiper ? A . He
79,worshiper ? A . He sold his soul
79,. He sold his soul to Santa .
80,"Hillary , Bill Clinton and the Pope are"
80,Clinton and the Pope are sitting together on
80,Pope are sitting together on an airplane .
80,together on an airplane . Bill says ``
80,airplane . Bill says `` I could throw
80,says `` I could throw one thousand dollar
80,could throw one thousand dollar bill out of
80,thousand dollar bill out of this plane and
80,out of this plane and make one person
80,plane and make one person very happy .
80,one person very happy . '' Hillary says
80,happy . '' Hillary says `` I could
80,Hillary says `` I could throw 10 hundred
80,I could throw 10 hundred dollar bills out
80,10 hundred dollar bills out of the plane
80,bills out of the plane and make 10
80,the plane and make 10 people very happy
80,make 10 people very happy . '' The
80,very happy . '' The Pope chips in
80,'' The Pope chips in and says ``
80,chips in and says `` I could throw
80,says `` I could throw Bill out of
80,could throw Bill out of the airplane and
80,out of the airplane and make the whole
80,airplane and make the whole country happy .
81,An Asian man goes into a New York
81,goes into a New York CityBank to exchange
81,"New York CityBank to exchange 10,000 yen for"
81,"to exchange 10,000 yen for American Currency ."
81,yen for American Currency . The teller gives
81,Currency . The teller gives him $ 72.00
81,teller gives him $ 72.00 . The next
81,$ 72.00 . The next month the Asian
81,The next month the Asian man goes into
81,the Asian man goes into the same bank
81,"goes into the same bank with 10,000 yen"
81,"same bank with 10,000 yen and receives $"
81,"10,000 yen and receives $ 62.00 . He"
81,"receives $ 62.00 . He asks , ``"
81,". He asks , `` How come ?"
81,", `` How come ? Only $ 62.00"
81,come ? Only $ 62.00 ? '' The
81,$ 62.00 ? '' The teller says ``
81,'' The teller says `` Fluctuations- Fluctuations !
81,says `` Fluctuations- Fluctuations ! '' Whereupon the
81,Fluctuations ! '' Whereupon the Asian man looks
81,Whereupon the Asian man looks back at the
81,man looks back at the teller and says
81,at the teller and says `` Fluk you
81,and says `` Fluk you Amelicans too !
82,Q : How do you keep a computer
82,do you keep a computer programmer in the
82,a computer programmer in the shower all day
82,in the shower all day long ? A
82,all day long ? A : Give them
82,? A : Give them a shampoo with
82,Give them a shampoo with a label that
82,shampoo with a label that says `` rinse
82,"label that says `` rinse , lather ,"
82,"`` rinse , lather , repeat '' ."
83,What a woman says : `` This place
83,says : `` This place is a mess
83,"This place is a mess ! C'mon ,"
83,"a mess ! C'mon , You and I"
83,"C'mon , You and I need to clean"
83,"and I need to clean up , Your"
83,"to clean up , Your stuff is lying"
83,", Your stuff is lying on the floor"
83,is lying on the floor and you 'll
83,the floor and you 'll have no clothes
83,"you 'll have no clothes to wear ,"
83,"no clothes to wear , if we do"
83,"wear , if we do n't do laundry"
83,we do n't do laundry right now !
83,do laundry right now ! '' What a
83,now ! '' What a man hears :
83,"What a man hears : blah , blah"
83,"hears : blah , blah , blah ,"
83,", blah , blah , blah , C'mon"
83,"blah , blah , C'mon blah , blah"
83,", C'mon blah , blah , blah ,"
83,", blah , blah , blah , you"
83,"blah , blah , you and I blah"
83,", you and I blah , blah ,"
83,"I blah , blah , blah , blah"
83,"blah , blah , blah , on the"
83,", blah , on the floor blah ,"
83,"on the floor blah , blah , blah"
83,"blah , blah , blah , blah ,"
83,", blah , blah , no clothes blah"
83,"blah , no clothes blah , blah ,"
83,"clothes blah , blah , blah , blah"
83,"blah , blah , blah , RIGHT NOW"
84,Q : What is the difference between Mechanical
84,is the difference between Mechanical Engineers and Civil
84,between Mechanical Engineers and Civil Engineers ? A
84,and Civil Engineers ? A : Mechanical Engineers
84,"? A : Mechanical Engineers build weapons ,"
84,"Mechanical Engineers build weapons , Civil Engineers build"
85,Q : How many Presidents does it take
85,many Presidents does it take to screw in
85,it take to screw in a light bulb
85,screw in a light bulb ? A :
85,light bulb ? A : It depends upon
85,A : It depends upon your definition of
85,depends upon your definition of screwing a light
86,A neutron walks into a bar and orders
86,into a bar and orders a drink .
86,and orders a drink . `` How much
86,drink . `` How much do I owe
86,How much do I owe you ? ''
86,I owe you ? '' the neutron asks
86,? '' the neutron asks . The bartender
86,"neutron asks . The bartender replies , ``"
86,"The bartender replies , `` for you ,"
86,", `` for you , no charge ."
87,"A man , recently completing a routine physical"
87,recently completing a routine physical examination receives a
87,routine physical examination receives a phone call from
87,receives a phone call from his doctor .
87,call from his doctor . The doctor says
87,"doctor . The doctor says , `` I"
87,"doctor says , `` I have some good"
87,`` I have some good news and some
87,some good news and some bad news .
87,and some bad news . '' The man
87,"news . '' The man says , ``"
87,"The man says , `` OK , give"
87,", `` OK , give me the good"
87,", give me the good news first ."
87,the good news first . '' The doctor
87,"first . '' The doctor says , ``"
87,"The doctor says , `` The good news"
87,", `` The good news is , you"
87,"good news is , you have 24 hours"
87,", you have 24 hours to live ."
87,24 hours to live . '' The man
87,"live . '' The man replies , ``"
87,"The man replies , `` Shit ! That"
87,", `` Shit ! That 's the good"
87,! That 's the good news ? Then
87,the good news ? Then what 's the
87,? Then what 's the bad news ?
87,'s the bad news ? '' The doctor
87,"news ? '' The doctor says , ``"
87,"The doctor says , `` The bad news"
87,", `` The bad news is , I"
87,"bad news is , I forgot to call"
87,", I forgot to call you yesterday ."
88,A Czechoslovakian man felt his eyesight was growing
88,"felt his eyesight was growing steadily worse ,"
88,"was growing steadily worse , and felt it"
88,"worse , and felt it was time to"
88,felt it was time to go see an
88,time to go see an optometrist . The
88,see an optometrist . The doctor started with
88,. The doctor started with some simple testing
88,"started with some simple testing , and showed"
88,"simple testing , and showed him a standard"
88,and showed him a standard eye chart with
88,a standard eye chart with letters of diminishing
88,chart with letters of diminishing size : CRKBNWXSKZY
88,of diminishing size : CRKBNWXSKZY . . .
88,: CRKBNWXSKZY . . . `` Can you
88,. . `` Can you read this ?
88,Can you read this ? '' the doctor
88,this ? '' the doctor asked . ``
88,the doctor asked . `` Read it ?
88,. `` Read it ? '' the Czech
88,it ? '' the Czech answered . ``
88,"the Czech answered . `` Doc , I"
88,". `` Doc , I know him !"
89,A radio conversation of a US naval ship
89,of a US naval ship with Canadian authorities
89,naval ship with Canadian authorities ... Americans :
89,Canadian authorities ... Americans : Please divert your
89,Americans : Please divert your course 15 degrees
89,divert your course 15 degrees to the North
89,15 degrees to the North to avoid a
89,the North to avoid a collision . Canadians
89,avoid a collision . Canadians : Recommend you
89,. Canadians : Recommend you divert YOUR course
89,Recommend you divert YOUR course 15 degrees to
89,YOUR course 15 degrees to the South to
89,degrees to the South to avoid a collision
89,South to avoid a collision . Americans :
89,a collision . Americans : This is the
89,Americans : This is the Captain of a
89,is the Captain of a US Navy ship
89,of a US Navy ship . I say
89,"Navy ship . I say again , divert"
89,"I say again , divert YOUR course ."
89,", divert YOUR course . Canadians : No"
89,course . Canadians : No . I say
89,": No . I say again , you"
89,"I say again , you divert YOUR course"
89,", you divert YOUR course . Americans :"
89,YOUR course . Americans : This is the
89,Americans : This is the aircraft carrier USS
89,"is the aircraft carrier USS LINCOLN , the"
89,"carrier USS LINCOLN , the second largest ship"
89,", the second largest ship in the United"
89,largest ship in the United States ' Atlantic
89,the United States ' Atlantic Fleet . We
89,' Atlantic Fleet . We are accompanied by
89,". We are accompanied by three destroyers ,"
89,"accompanied by three destroyers , three cruisers and"
89,"destroyers , three cruisers and numerous support vessels"
89,cruisers and numerous support vessels . I demand
89,support vessels . I demand that you change
89,I demand that you change your course 15
89,"you change your course 15 degrees north ,"
89,"course 15 degrees north , that 's ONE"
89,"north , that 's ONE FIVE DEGREES NORTH"
89,"'s ONE FIVE DEGREES NORTH , or counter-measures"
89,"DEGREES NORTH , or counter-measures will be undertaken"
89,or counter-measures will be undertaken to ensure the
89,be undertaken to ensure the safety of this
89,ensure the safety of this ship . Canadians
89,of this ship . Canadians : This is
89,. Canadians : This is a lighthouse .
89,This is a lighthouse . Your call .
90,A country guy goes into a city bar
90,goes into a city bar that has a
90,"city bar that has a dress code ,"
90,"has a dress code , and the maitre"
90,"code , and the maitre d ' demands"
90,the maitre d ' demands he wear a
90,' demands he wear a tie . Discouraged
90,"wear a tie . Discouraged , the guy"
90,". Discouraged , the guy goes to his"
90,the guy goes to his car to sulk
90,to his car to sulk when inspiration strikes
90,to sulk when inspiration strikes : He 's
90,inspiration strikes : He 's got jumper cables
90,He 's got jumper cables in the trunk
90,jumper cables in the trunk ! So he
90,the trunk ! So he wraps them around
90,"So he wraps them around his neck ,"
90,"them around his neck , sort of like"
90,"neck , sort of like a string tie"
90,of like a string tie ( a bulky
90,string tie ( a bulky string tie to
90,a bulky string tie to be sure )
90,tie to be sure ) and returns to
90,sure ) and returns to the bar .
90,returns to the bar . The maitre d
90,bar . The maitre d ' is reluctant
90,"maitre d ' is reluctant , but says"
90,"is reluctant , but says to the guy"
90,"but says to the guy , `` Okay"
90,"the guy , `` Okay , you 're"
90,"`` Okay , you 're a pretty resourceful"
90,"you 're a pretty resourceful fellow , you"
90,"pretty resourceful fellow , you can come in"
90,", you can come in ... but just"
90,come in ... but just do n't start
90,but just do n't start anything '' !
91,Q : How many programmers does it take
91,many programmers does it take to change a
91,it take to change a lightbulb ? A
91,change a lightbulb ? A : NONE !
91,? A : NONE ! That 's a
91,NONE ! That 's a hardware problem ....
92,A Panda bear walks into a bar .
92,walks into a bar . Sits down at
92,bar . Sits down at a table and
92,down at a table and orders a beer
92,table and orders a beer and a double
92,a beer and a double cheeseburger . After
92,a double cheeseburger . After he is finished
92,". After he is finished eating , he"
92,"is finished eating , he pulls out a"
92,", he pulls out a gun and rips"
92,out a gun and rips the place with
92,and rips the place with gunfire . Patrons
92,place with gunfire . Patrons scatter and dive
92,. Patrons scatter and dive under chairs and
92,and dive under chairs and tables as the
92,chairs and tables as the bear runs out
92,as the bear runs out the door .
92,runs out the door . After ensuring that
92,door . After ensuring that no one is
92,"ensuring that no one is hurt , the"
92,"one is hurt , the bartender races out"
92,", the bartender races out the door ,"
92,"races out the door , and calls after"
92,"door , and calls after the bear ``"
92,calls after the bear `` What the hell
92,bear `` What the hell did you do
92,the hell did you do that for ?
92,you do that for ? '' The bear
92,"for ? '' The bear calls back ,"
92,"The bear calls back , `` I 'm"
92,"back , `` I 'm a Panda bear"
92,I 'm a Panda bear . Look it
92,Panda bear . Look it up in the
92,Look it up in the dictionary . ''
92,in the dictionary . '' The bartender returns
92,". '' The bartender returns , pulls out"
92,"bartender returns , pulls out his dictionary ."
92,pulls out his dictionary . panda : \Pan
92,"dictionary . panda : \Pan '' da\ ,"
92,": \Pan '' da\ , n. ( Zo"
92,"da\ , n. ( Zo [ `` o"
92,( Zo [ `` o ] l. )
92,`` o ] l. ) A small Asiatic
92,l. ) A small Asiatic mammal ( Ailurus
92,small Asiatic mammal ( Ailurus fulgens ) having
92,( Ailurus fulgens ) having fine soft fur
92,) having fine soft fur . It is
92,soft fur . It is related to the
92,"It is related to the bears , and"
92,"to the bears , and inhabits the mountains"
92,", and inhabits the mountains of Northern India"
92,the mountains of Northern India . Eats shoots
92,Northern India . Eats shoots and leaves .
93,Early one morning a mother went to her
93,a mother went to her sleeping son and
93,to her sleeping son and woke him up
93,son and woke him up . `` Wake
93,"him up . `` Wake up , son"
93,"`` Wake up , son . It 's"
93,", son . It 's time to go"
93,It 's time to go to school .
93,to go to school . '' `` But
93,"school . '' `` But why , Mama"
93,"`` But why , Mama ? I do"
93,", Mama ? I do n't want to"
93,I do n't want to go to school
93,want to go to school . '' ``
93,to school . '' `` Give me two
93,'' `` Give me two reasons why you
93,me two reasons why you do n't want
93,why you do n't want to go to
93,n't want to go to school . ''
93,"go to school . '' `` One ,"
93,". '' `` One , all the children"
93,"One , all the children hate me ."
93,"the children hate me . Two , all"
93,"me . Two , all the teachers hate"
93,", all the teachers hate me , ''"
93,"teachers hate me , '' `` Oh !"
93,", '' `` Oh ! that 's no"
93,Oh ! that 's no reason . Come
93,"'s no reason . Come on , you"
93,". Come on , you have to go"
93,", you have to go to school ,"
93,"to go to school , '' `` Give"
93,"school , '' `` Give me two good"
93,`` Give me two good reasons WHY I
93,two good reasons WHY I should go to
93,WHY I should go to school ? ''
93,"go to school ? '' `` One ,"
93,"? '' `` One , you are fifty-two"
93,"One , you are fifty-two years old ."
93,"are fifty-two years old . Two , you"
93,"old . Two , you are the principal"
93,", you are the principal of the school"
94,"Reaching the end of a job interview ,"
94,"of a job interview , the human resources"
94,"interview , the human resources person asked a"
94,human resources person asked a young engineer fresh
94,asked a young engineer fresh out of Stanford
94,"engineer fresh out of Stanford , `` And"
94,"of Stanford , `` And what starting salary"
94,`` And what starting salary were you looking
94,starting salary were you looking for ? ''
94,you looking for ? '' The engineer said
94,"? '' The engineer said , `` In"
94,"engineer said , `` In the neighborhood of"
94,"`` In the neighborhood of $ 125,000 a"
94,"neighborhood of $ 125,000 a year , depending"
94,"125,000 a year , depending on the benefits"
94,", depending on the benefits package . ''"
94,the benefits package . '' The interviewer said
94,". '' The interviewer said , `` Well"
94,"interviewer said , `` Well , what would"
94,"`` Well , what would you say to"
94,what would you say to a package of
94,"say to a package of 5-weeks vacation ,"
94,"package of 5-weeks vacation , 14 paid holidays"
94,"vacation , 14 paid holidays , full medical"
94,"paid holidays , full medical and dental ,"
94,"full medical and dental , company matching retirement"
94,"dental , company matching retirement fund to 50"
94,matching retirement fund to 50 % of salary
94,"to 50 % of salary , and a"
94,"of salary , and a company car leased"
94,and a company car leased every 2 years
94,"car leased every 2 years - say ,"
94,"2 years - say , a red Corvette"
94,"say , a red Corvette ? '' The"
94,red Corvette ? '' The Engineer sat up
94,'' The Engineer sat up straight and said
94,"sat up straight and said , `` Wow"
94,"and said , `` Wow ! Are you"
94,`` Wow ! Are you kidding ? ''
94,Are you kidding ? '' And the interviewer
94,"? '' And the interviewer replied , ``"
94,"the interviewer replied , `` Yeah , but"
94,", `` Yeah , but you started it"
95,Two atoms are walking down the street when
95,walking down the street when one atom says
95,street when one atom says to the other
95,"atom says to the other `` Oh ,"
95,"the other `` Oh , my ! I"
95,"Oh , my ! I 've lost an"
95,! I 've lost an electron ! ''
95,lost an electron ! '' The second atom
95,! '' The second atom says '' Are
95,second atom says '' Are you sure ''
95,'' Are you sure '' The first replies
95,sure '' The first replies `` I 'm
95,first replies `` I 'm positive ! ''
96,"Just a thought .. Before criticizing someone ,"
96,".. Before criticizing someone , walk a mile"
96,"someone , walk a mile in their shoes"
96,a mile in their shoes . Then when
96,their shoes . Then when you do criticize
96,"Then when you do criticize them , you"
96,"do criticize them , you will be a"
96,", you will be a mile away and"
96,be a mile away and have their shoes
97,Two attorneys went into a diner and ordered
97,into a diner and ordered two drinks .
97,and ordered two drinks . Then they produced
97,drinks . Then they produced sandwiches from their
97,they produced sandwiches from their briefcases and started
97,from their briefcases and started to eat .
97,and started to eat . The owner became
97,eat . The owner became quite concerned and
97,owner became quite concerned and marched over and
97,"concerned and marched over and told them ,"
97,"over and told them , `` You ca"
97,"them , `` You ca n't eat your"
97,You ca n't eat your own sandwiches in
97,eat your own sandwiches in here ! ''
97,sandwiches in here ! '' The attorneys looked
97,! '' The attorneys looked at each other
97,"attorneys looked at each other , shrugged their"
97,"each other , shrugged their shoulders and then"
97,shrugged their shoulders and then exchanged sandwiches .
98,A teacher is explaining to her class how
98,explaining to her class how different languages use
98,class how different languages use negatives differently .
98,"languages use negatives differently . She says ,"
98,"differently . She says , `` In all"
98,"says , `` In all languages , a"
98,"In all languages , a positive followed by"
98,", a positive followed by a negative or"
98,followed by a negative or a negative followed
98,negative or a negative followed by a positive
98,negative followed by a positive makes a negative
98,a positive makes a negative . In some
98,"a negative . In some languages , two"
98,"In some languages , two negatives together make"
98,", two negatives together make a positive ,"
98,"together make a positive , while in others"
98,"positive , while in others they make a"
98,in others they make a negative . But
98,make a negative . But in no language
98,. But in no language do two positives
98,no language do two positives make a negative
98,two positives make a negative . '' One
98,a negative . '' One of the students
98,'' One of the students puts up his
98,the students puts up his hand and says
98,"up his hand and says , `` Yeah"
98,"and says , `` Yeah , right ."
99,Age and Womanhood 1 . Between the ages
99,1 . Between the ages of 13 and
99,the ages of 13 and 18 ... She
99,13 and 18 ... She is like Africa
99,"... She is like Africa , virgin and"
99,"like Africa , virgin and unexplored . 2"
99,virgin and unexplored . 2 . Between the
99,. 2 . Between the ages of 19
99,Between the ages of 19 and 35 ...
99,of 19 and 35 ... She is like
99,"35 ... She is like Asia , hot"
99,"is like Asia , hot and exotic ."
99,", hot and exotic . 3 . Between"
99,exotic . 3 . Between the ages of
99,. Between the ages of 36 and 45
99,ages of 36 and 45 ... She is
99,"and 45 ... She is like America ,"
99,"She is like America , fully explored ,"
99,"America , fully explored , breathtakingly beautiful ,"
99,"explored , breathtakingly beautiful , and free with"
99,"beautiful , and free with her resources ."
99,free with her resources . 4 . Between
99,resources . 4 . Between the ages of
99,. Between the ages of 46 and 56
99,ages of 46 and 56 ... She is
99,"and 56 ... She is like Europe ,"
99,"She is like Europe , exhausted but still"
99,"Europe , exhausted but still has points of"
99,but still has points of interest . 5
99,points of interest . 5 . After 56
99,. 5 . After 56 she is like
99,After 56 she is like Australia ... Everybody
99,is like Australia ... Everybody knows it 's
99,"... Everybody knows it 's down there ,"
99,"it 's down there , but who gives"
99,"there , but who gives a damn ?"
100,A bus station is where a bus stops
100,is where a bus stops . A train
100,bus stops . A train station is where
100,A train station is where a train stops
100,is where a train stops . On my
100,train stops . On my desk I have
100,On my desk I have a work station
