,Joke Number,Text,UserRating,CleanedTextNLTK,processedTextSpacy
0,1,"A man visits the doctor. The doctor says ""I have bad news for you.You have cancer and Alzheimer's disease"". The man replies ""Well,thank God I don't have cancer!""",0.7113596373160435,man visit doctor doctor say bad news cancer alzheimer disease man reply well thank god cancer,man visit doctor doctor say bad news cancer alzheimer disease man reply wellthank god cancer
1,2,"Two cannibals are eating a clown, one turns to other and says: ""Does this taste funny to you?",0.5406573329719271,two cannibal eating clown one turn say taste funny,cannibal eat clown turn say taste funny
2,3,Q: Whats the difference between greeting a Queen and greeting the President of the United States? A: You only have to get on one knee to greet the queen.,0.5482025562029306,q whats difference greeting queen greeting president united state get one knee greet queen,q s difference greeting queen greeting president united states knee greet queen
3,4,"Q. What do a hurricane, a tornado, and a redneck divorce all have in common? A. Someone's going to lose their trailer...",0.1958244529992238,q hurricane tornado redneck divorce common someone going lose trailer,q hurricane tornado redneck divorce common someone go lose trailer ..
4,5,"A guy stood over his tee shot for what seemed an eternity, looking up, looking down, measuring the distance, figuring the wind direction and speed. Driving his partner nuts. Finally his exasperated partner says, ""What the hell is taking so long? Hit the goddamn ball!"" The guy answers, ""My wife is up there watching me from the clubhouse. I want to make this a perfect shot."" ""Well, hell, man, you don't stand a snowball's chance in hell of hitting her from here!""",0.5585679956091371,guy stood tee shot seemed eternity looking looking measuring distance figuring wind direction speed driving partner nut finally exasperated partner say hell taking long hit goddamn ball guy answer wife watching clubhouse want make perfect shot well hell man stand snowball chance hell hitting,guy stand tee shoot eternity look look measure distance figure wind direction speed drive partner nut finally exasperate partner say hell take long hit goddamn ball guy answer wife watch clubhouse want perfect shot hell man stand snowball chance hell hit
5,6,"They asked the Japanese visitor if they have elections in his country. ""Every Morning"" he answers.",0.7908864546415826,asked japanese visitor election country every morning answer,ask japanese visitor election country morning answer
6,7,"The father was very anxious to marry off his only daughter so he wanted to impress her date. ""Do you like to screw,"" he says. ""Huh"" replied the surprised first date. ""My daughter she loves to screw and she's good at it, you and her should go screw,"" carefully explained the father. Now very interested the boy replied, ""Yes, sir."" Minutes later the girl came down the stairs, kissed her father goodbye and the couple left. After only a few minutes she reappeared, furious, dress torn, hair a mess and screamed ""Dammit, Daddy, it's the TWIST, get it straight!""",0.3466161803077972,father anxious marry daughter wanted impress date like screw say huh replied surprised first date daughter love screw good go screw carefully explained father interested boy replied yes sir minute later girl came stair kissed father goodbye couple left minute reappeared furious dress torn hair mess screamed dammit daddy twist get straight,father anxious marry daughter want impress date like screw say huh reply surprised date daughter loves screw good screw carefully explain father interested boy reply yes sir minute later girl come stair kiss father goodbye couple leave minute reappear furious dress tear hair mess scream dammit daddy twist straight
7,8,Q: What did the blind person say when given some matzah? A: Who the hell wrote this?,0.26967597089133,q blind person say given matzah hell wrote,q blind person give matzah hell write
8,9,Q. What is orange and sounds like a parrot? A. A carrot.,0.3497724994082854,q orange sound like parrot carrot,q orange sound like parrot carrot
9,10,How many men does it take to screw in a light bulb? One...men will screw anything.,0.7652543421973095,many men take screw light bulb one men screw anything,man screw light bulb ... man screw
10,11,"A dog walks into Western Union and asks the clerk to send a telegram. He fills out a form on which he writes down the telegram he wishes to send: ""Bow wow wow, Bow wow wow."" The clerk says, ""You can add another 'Bow wow' for the same price."" The dog responded, ""Now wouldn't that sound a little silly?""",0.8492416208405883,dog walk western union asks clerk send telegram fill form writes telegram wish send bow wow wow bow wow wow clerk say add another wow price dog responded would sound little silly,dog walk western union ask clerk send telegram fill form write telegram wish send bow wow wow bow wow wow clerk say add bow wow price dog respond sound little silly
11,12,"Q: If a person who speaks three languages is called ""tri-lingual,"" and a person who speaks two languages is called ""bi-lingual,"" what do call a person who only speaks one language? A: American!",0.8182238578282195,q person speaks three language called person speaks two language called call person speaks one language american,q person speak language call trilingual person speak language call bilingual person speak language american
12,13,"This couple had an excellent relationship going until one day he came home from work to find his girlfriend packing. He asked her why she was leaving him and she told him that she had heard awful things about him. ""What could they possibly have said to make you move out?"" ""They told me that you were a pedophile."" He replied, ""That's an awfully big word for a ten year old.""",0.1251150518772845,couple excellent relationship going one day came home work find girlfriend packing asked leaving told heard awful thing could possibly said make move told pedophile replied awfully big word ten year old,couple excellent relationship go day come home work find girlfriend packing ask leave tell hear awful thing possibly say tell pedophile reply awfully big word year old
13,14,What's the difference between a MacIntosh and an Etch-A-Sketch? You don't have to shake the Mac to clear the screen.,0.7892291145834065,difference macintosh shake mac clear screen,difference macintosh etchasketch shake mac clear screen
14,15,"What's the difference between a used tire and 365 used condoms? One's a Goodyear, the other's a great year.",0.1078872272324489,difference used tire used condom one goodyear great year,difference tire 365 condom one goodyear great year
15,16,"A duck walks into a pharmacy and asks for a condom. The pharmacist says ""Would you like me to stick that on your bill?"" The duck says: ""What kind of duck do you think I am!""",0.0429779875249557,duck walk pharmacy asks condom pharmacist say would like stick bill duck say kind duck think,duck walk pharmacy ask condom pharmacist say like stick bill duck say kind duck think
16,17,Q: What is the Australian word for a boomerang that won't come back? A: A stick,0.2161743605790051,q australian word boomerang wo come back stick,q australian word boomerang come stick
17,18,What do you get when you run over a parakeet with a lawnmower? Shredded tweet.,0.2877856162643668,get run parakeet lawnmower shredded tweet,run parakeet lawnmower shred tweet
18,19,"Two kindergarten girls were talking outside: one said, ""You won't believe what I saw on the patio yesterday--a condom!"" The second girl asked, ""What's a patio?""",0.5427850656877006,two kindergarten girl talking outside one said wo believe saw patio yesterday condom second girl asked patio,kindergarten girl talk outside say believe see patio yesterdaya condom second girl ask patio
19,20,"A guy walks into a bar and sits down next to an extremely gorgeous woman. The first thing he notices about her though, are her pants. They were skin-tight, high-waisted and had no obvious mechanism (zipper, buttons or velcro) for opening them. After several minutes of puzzling over how she got the pants up over her hips, he finally worked up the nerve to ask her. ""Excuse me miss, but how do you get into your pants?"" ""Well,"" she replied, ""you can start by buying me a drink.""",0.230894086803875,guy walk bar sits next extremely gorgeous woman first thing notice though pant obvious mechanism zipper button velcro opening several minute puzzling got pant hip finally worked nerve ask excuse miss get pant well replied start buying drink,guy walk bar sit extremely gorgeous woman thing notice pant skintight highwaiste obvious mechanism zipper button velcro open minute puzzle get pant hip finally work nerve ask excuse miss pant reply start buy drink
20,21,"Clinton returns from a vacation in Arkansas and walks down the steps of Air Force One with two pigs under his arms. At the bottom of the steps, he says to the honor guardsman, ""These are genuine Arkansas Razor-Back Hogs. I got this one for Chelsea and this one for Hillary."" The guardsman replies, ""Nice trade, Sir.""",0.8915627320860312,clinton return vacation arkansas walk step air force one two pig arm bottom step say honor guardsman genuine arkansas hog got one chelsea one hillary guardsman reply nice trade sir,clinton return vacation arkansas walk step air force pig arm step say honor guardsman genuine arkansas razorback hog get chelsea hillary guardsman reply nice trade sir
21,22,"A mechanical, electrical and a software engineer from Microsoft were driving through the desert when the car broke down. The mechanical engineer said ""It seems to be a problem with the fuel injection system, why don't we pop the hood and I'll take a look at it."" To which the electrical engineer replied, ""No I think it's just a loose ground wire, I'll get out and take a look."" Then, the Microsoft engineer jumps in. ""No, no, no. If we just close up all the windows, get out, wait a few minutes, get back in, and then reopen the windows everything will work fine.""",0.7070969717133107,mechanical electrical software engineer microsoft driving desert car broke mechanical engineer said seems problem fuel injection system pop hood take look electrical engineer replied think loose ground wire get take look microsoft engineer jump close window get wait minute get back reopen window everything work fine,mechanical electrical software engineer microsoft drive desert car break mechanical engineer say problem fuel injection system pop hood    look electrical engineer reply think loose ground wire    look microsoft engineer jump close window wait minute reopen window work fine
22,23,"An old Scotsmen is sitting with a younger Scottish gentleman and says the boy. ""Ah, lad look out that window. You see that stone wall there, I built it with me own bare hands, placed every stone meself. But do they call me MacGregor the wall builder? No! He Takes a few sips of his beer then says, ""Aye, and look out on that lake and eye that beautiful pier. I built it meself, laid every board and hammered each nail but do they call me MacGregor the pier builder? No! He continues...""And lad, you see that road? That too I build with me own bare hands. Laid every inch of pavement meself, but do they call MacGregor the road builder? No!"" Again he returns to his beer for a few sips, then says, ""Agh, but you screw one sheep...""",0.5427423568000921,old scotsman sitting younger scottish gentleman say boy ah lad look window see stone wall built bare hand placed every stone meself call macgregor wall builder take sip beer say aye look lake eye beautiful pier built meself laid every board hammered nail call macgregor pier builder continues lad see road build bare hand laid every inch pavement meself call macgregor road builder return beer sip say agh screw one sheep,old scotsman sit young scottish gentleman say boy ah lad look window stone wall build bare hand place stone meself macgregor wall builder take sip beer say aye look lake eye beautiful pier build meself laid board hammer nail macgregor pier builder continue ... lad road build bare hand lay inch pavement meself macgregor road builder return beer sip say agh screw sheep ..
23,24,Q. What's 200 feet long and has 4 teeth? A. The front row at a Willie Nelson Concert.,0.1504844866501405,q foot long teeth front row willie nelson concert,q 200 foot long 4 tooth row willie nelson concert
24,25,Q: What's the difference between a Lawyer and a Plumber? A: A Plumber works to unclog the system.,0.6030993832580226,q difference lawyer plumber plumber work unclog system,q difference lawyer plumber plumber work unclog system
25,26,"President Clinton looks up from his desk in the Oval Office to see one of his aides nervously approach him. ""What is it?"" exclaims the President. ""It's this Abortion Bill Mr. President, what do you want to do about it?"" the aide replies. ""Just go ahead and pay it."" responds the President.",0.7697969357291401,president clinton look desk oval office see one aide nervously approach exclaims president abortion bill president want aide reply go ahead pay responds president,president clinton look desk oval office aide nervously approach exclaim president abortion bill mr president want aide reply ahead pay respond president
26,27,"A man arrives at the gates of heaven. St. Peter asks, ""Religion?"" The man says, ""Methodist."" St. Peter looks down his list, and says, ""Go to room 24, but be very quiet as you pass room 8."" Another man arrives at the gates of heaven. ""Religion?"" ""Baptist."" ""Go to room 18, but be very quiet as you pass room 8."" A third man arrives at the gates. ""Religion?"" ""Jewish."" ""Go to room 11, but be very quiet as you pass room 8."" The man says, ""I can understand there being different rooms for different religions, but why must I be quiet when I pass room 8?"" St. Peter tells him, ""Well the Catholics are in room 8, and they think they're the only ones here.",0.9482399523268288,man arrives gate heaven peter asks religion man say methodist peter look list say go room quiet pas room another man arrives gate heaven religion baptist go room quiet pas room third man arrives gate religion jewish go room quiet pas room man say understand different room different religion must quiet pas room peter tell well catholic room think one,man arrive gates heaven st peter ask religion man say methodist st peter look list say room 24 quiet pass room 8 man arrive gates heaven religion baptist room 18 quiet pass room 8 man arrive gate religion jewish room 11 quiet pass room 8 man say understand different room different religion quiet pass room 8 st peter tell catholic room 8 think one
27,28,"What do you call an American in the finals of the world cup? ""Hey Beer Man!""",0.8010165506479477,call american final world cup hey beer man,american final world cup hey beer man
28,29,"Out in the backwoods of some midwestern state, little Johnny arrives at school an hour late. Teacher: ""Why are you so late, John?"" Johny : ""My big brother got shot in the ass."" (the teacher corrects his speech) Teacher: ""Rectum."" Johnny : ""Wrecked him!? Hell, It damn near killed him!""",0.9321066868009252,backwoods midwestern state little johnny arrives school hour late teacher late john johny big brother got shot as teacher corrects speech teacher rectum johnny wrecked hell damn near killed,backwood midwestern state little johnny arrive school hour late teacher late john johny    big brother got shoot ass teacher correct speech teacher rectum johnny    wreck hell damn near kill
29,30,"An explorer in the deepest Amazon suddenly finds himself surrounded by a bloodthirsty group of natives. Upon surveying the situation, he says quietly to himself, ""Oh God, I'm screwed."" The sky darkens and a voice booms out, ""No, you are NOT screwed. Pick up that stone at your feet and bash in the head of the chief standing in front of you."" So with the stone he bashes the life out of the chief. Standing above the lifeless body, breathing heavily looking at 100 angry natives... The voice booms out again, ""Okay ..... NOW you're screwed.""",0.3835907625529182,explorer deepest amazon suddenly find surrounded bloodthirsty group native upon surveying situation say quietly oh god screwed sky darkens voice boom screwed pick stone foot bash head chief standing front stone bash life chief standing lifeless body breathing heavily looking angry native voice boom okay screwed,explorer deep amazon suddenly find surround bloodthirsty group native surveying situation say quietly oh god    screw sky darken voice boom screw pick stone foot bash head chief standing stone bash life chief stand lifeless body breathe heavily look 100 angry native ... voice boom okay ..... screw
30,31,"A guy walks into a bar, orders a beer and says to the bartender, ""Hey, I got this great Polish Joke..."" The barkeep glares at him and says in a warning tone of voice: ""Before you go telling that joke you better know that I'm Polish, both bouncers are Polish and so are most of my customers"" ""Okay"" says the customer,""I'll tell it very slowly.""",0.8757784591586277,guy walk bar order beer say bartender hey got great polish joke barkeep glare say warning tone voice go telling joke better know polish bouncer polish customer okay say customer tell slowly,guy walk bar order beer say bartender hey get great polish joke ... barkeep glare say warn tone voice tell joke well know    polish bouncer polish customer okay say customer tell slowly
31,32,"A Jewish young man was seeing a psychiatrist for an eating and sleeping disorder. ""I am so obsessed with my mother... As soon as I go to sleep, I start dreaming, and everyone in my dream turns into my mother. I wake up in such a state, all I can do is go downstairs and eat a piece of toast."" The psychiatrist replies: ""What, just one piece of toast, for a big boy like you?""",0.9514178833828416,jewish young man seeing psychiatrist eating sleeping disorder obsessed mother soon go sleep start dreaming everyone dream turn mother wake state go downstairs eat piece toast psychiatrist reply one piece toast big boy like,jewish young man see psychiatrist eating sleep disorder obsess mother ... soon sleep start dream dream turn mother wake state downstair eat piece toast psychiatrist reply piece toast big boy like
32,33,"""May I take your order?"" the waiter asked. ""Yes, how do you prepare your chickens?"" ""Nothing special sir,"" he replied. ""We just tell them straight out that they're going to die.""",0.1999841433976487,may take order waiter asked yes prepare chicken nothing special sir replied tell straight going die,order waiter ask yes prepare chicken special sir reply tell straight go die
33,34,What is the difference between men and women: A woman wants one man to satisfy her every need. A man wants every woman to satisfy his one need.,0.7154218834529914,difference men woman woman want one man satisfy every need man want every woman satisfy one need,difference man woman woman want man satisfy need man want woman satisfy need
34,35,Q. What's the difference between a man and a toilet? A. A toilet doesn't follow you around after you use it.,0.94134331588256,q difference man toilet toilet follow around use,q difference man toilet toilet follow use
35,36,"How many Irishmen does it take to change a lightbulb? Two, one to hold the lightbulb and the other to drink until the room spins.",0.9486923628269316,many irishman take change lightbulb two one hold lightbulb drink room spin,irishman change lightbulb hold lightbulb drink room spin
36,37,"What does an atheist say during an orgasm? ""Oh Darwin! Oh Darwin!...""",0.1963464575844944,atheist say orgasm oh darwin oh darwin,atheist orgasm oh darwin oh darwin ..
37,38,"Two men are discussing the age old question: who enjoys sex more, the man or the woman? A woman walks by and listens in for awhile and then interrupts: ""Listen you guys. You know when your ear itches and you put in your little finger and wiggle it around for awhile? Afterward, which feels better, your finger or your ear?""",0.7939166474422212,two men discussing age old question enjoys sex man woman woman walk listens awhile interrupt listen guy know ear itch put little finger wiggle around awhile afterward feel better finger ear,man discuss age old question enjoy sex man woman woman walk listen awhile interrupt listen guy know ear itch little finger wiggle awhile afterward feel well finger ear
38,39,"Arnold Swartzeneger and Sylvester Stallone are making a movie about the lives of the great composers. Stallone says ""I want to be Mozart."" Swartzeneger says: ""In that case... I'll be Bach.""",0.750382900511494,arnold swartzeneger sylvester stallone making movie life great composer stallone say want mozart swartzeneger say case bach,arnold swartzeneger sylvester stallone make movie live great composer stallone say want mozart swartzeneger say case ...    bach
39,40,"A horse walks into a bar. Bartender says: ""So, why the long face?""",0.737619178351302,horse walk bar bartender say long face,horse walk bar bartender say long face
40,41,"A boy comes home from school and tells his mother that he got a part in the school play. ""What part?"" the mother asked. ""I play a Jewish husband,"" the boy replied. ""Go back to school and tell your teacher that you want a speaking role!""",0.4069609730553616,boy come home school tell mother got part school play part mother asked play jewish husband boy replied go back school tell teacher want speaking role,boy come home school tell mother get school play mother ask play jewish husband boy reply school tell teacher want speak role
41,42,"A couple has been married for 75 years. For the husband's 95th birthday, his wife decides to surprise him by hiring a prostitute. That day, the doorbell rings. The husband uses his walker to get to the door and opens it. A 21-year-old in a latex outfit smiles and says, ""Hi, I here to give you super sex!"" The old man says, ""I'll take the soup.""",0.8509092268469134,couple married year husband birthday wife decides surprise hiring prostitute day doorbell ring husband us walker get door open latex outfit smile say hi give super sex old man say take soup,couple marry 75 year husband 95th birthday wife decide surprise hire prostitute day doorbell ring husband use walker door open 21yearold latex outfit smile say hi super sex old man say    soup
42,43,"There was an engineer who had an exceptional gift for fixing all things mechanical. After serving his company loyally for over 30 years, he happily retired. Several years later the company contacted him regarding a seemingly impossible problem they were having with one of their multi-million dollar machines. They had tried everything and everyone else to get the machine fixed, but to no avail. In desperation, they called on the retired engineer who had solved so many of their problems in the past. The engineer reluctantly took the challenge. He spent a day studying the huge machine. At the end of the day, he marked a small ""x"" in chalk on a particular component of the machine and proudly stated, ""This is where your problem is"". The part was replaced and the machine worked perfectly again. The company received a bill for $50,000 from the engineer for his service.They demanded an itemized accounting of his charges. The engineer responded briefly: One chalk mark $1 Knowing where to put it $49,999 It was paid in full and the engineer retired again in peace.",0.302720487661603,engineer exceptional gift fixing thing mechanical serving company loyally year happily retired several year later company contacted regarding seemingly impossible problem one dollar machine tried everything everyone else get machine fixed avail desperation called retired engineer solved many problem past engineer reluctantly took challenge spent day studying huge machine end day marked small x chalk particular component machine proudly stated problem part replaced machine worked perfectly company received bill engineer demanded itemized accounting charge engineer responded briefly one chalk mark knowing put paid full engineer retired peace,engineer exceptional gift fix thing mechanical serve company loyally 30 year happily retire year later company contact seemingly impossible problem have multimillion dollar machine try machine fix avail desperation call retire engineer solve problem past engineer reluctantly take challenge spend day study huge machine end day mark small x chalk particular component machine proudly state problem replace machine work perfectly company receive bill 50000 engineer service demand itemized accounting charge engineer respond briefly chalk mark 1 know 49999 pay engineer retire peace
43,44,"The graduate with a Science degree asks, ""Why does it work?"" The graduate with an Engineering degree asks, ""How does it work?"" The graduate with an Accounting degree Asks, ""How much will it cost?"" The graduate with a Liberal Arts degree asks, ""Do you want fries with that?""",0.1193809381304918,graduate science degree asks work graduate engineering degree asks work graduate accounting degree asks much cost graduate liberal art degree asks want fry,graduate science degree ask work graduate engineering degree ask work graduate accounting degree ask cost graduate liberal art degree ask want fry
44,45,"Three engineering students were gathered together discussing the possible designers of the human body. One said, ""It was a mechanical engineer. Just look at all the joints."" Another said, ""No, it was an electrical engineer. The nervous systems many thousands of electrical connections."" The last said, ""Actually it was a civil engineer. Who else would run a toxic waste pipeline through a recreational area?""",0.737975605299451,three engineering student gathered together discussing possible designer human body one said mechanical engineer look joint another said electrical engineer nervous system many thousand electrical connection last said actually civil engineer else would run toxic waste pipeline recreational area,engineering student gather discuss possible designer human body say mechanical engineer look joint say electrical engineer nervous system thousand electrical connection say actually civil engineer run toxic waste pipeline recreational area
45,46,"Q. What's O. J. Simpson's Internet address? A. Slash, slash, backslash, slash, slash, escape.",0.7815188127943004,q simpson internet address slash slash backslash slash slash escape,q o j. simpson internet address slash slash backslash slash slash escape
46,47,"A guy goes into confession and says to the priest, ""Father, I'm 80 years old, widower, with 11 grandchildren. Last night I met two beautiful flight attendants. They took me home and I made love to both of them. Twice."" The priest said: ""Well, my son, when was the last time you were in confession?"" ""Never Father, I'm Jewish."" ""So then, why are you telling me?"" ""I'm telling everybody.""",0.7921551362389441,guy go confession say priest father year old widower grandchild last night met two beautiful flight attendant took home made love twice priest said well son last time confession never father jewish telling telling everybody,guy go confession say priest father    80 year old widower 11 grandchild night meet beautiful flight attendant take home love twice priest say son time confession father    jewish telling    tell everybody
47,48,Did you hear that Clinton has announced there is a new national bird? The spread eagle.,0.8549766858569523,hear clinton announced new national bird spread eagle,hear clinton announce new national bird spread eagle
48,49,Q: What do Monica Lewinsky and Bob Dole have in common? A: They were both upset when Bill finished first.,0.9252155396173508,q monica lewinsky bob dole common upset bill finished first,q monica lewinsky bob dole common upset bill finish
49,50,"One Sunday morning William burst into the living room and said, ""Dad! Mom! I have some great news for you! I am getting married to the most beautiful girl in town. She lives a block away and her name is Susan."" After dinner, William's dad took him aside. ""Son, I have to talk with you. Your mother and I have been married 30 years.. She's a wonderful wife but she has never offered much excitement in the bedroom, so I used to fool around with women a lot. Susan is actually your half-sister, and I'm afraid you can't marry her."" William was heart-broken. After eight months he eventually started dating girls again. A year later he came home and very proudly announced, ""Dianne said yes! We're getting married in June."" Again his father insisted on another private conversation and broke the sad news. ""Dianne is your half-sister too, William. I'm awfully sorry about this."" William was furious! He finally decided to go to his mother with the news. ""Dad has done so much harm.. I guess I'm never going to get married,"" he complained. ""Every time I fall in love, Dad tells me the girl is my half-sister."" His mother just shook her head. ""Don't pay any attention to what he says, dear. He's not really your father.""",0.9665147960588806,one sunday morning william burst living room said dad mom great news getting married beautiful girl town life block away name susan dinner william dad took aside son talk mother married year wonderful wife never offered much excitement bedroom used fool around woman lot susan actually afraid ca marry william eight month eventually started dating girl year later came home proudly announced dianne said yes getting married june father insisted another private conversation broke sad news dianne william awfully sorry william furious finally decided go mother news dad done much harm guess never going get married complained every time fall love dad tell girl mother shook head pay attention say dear really father,sunday morning william burst living room say dad mom great news get marry beautiful girl town life block away susan dinner williams dad take aside son talk mother marry 30 year .. wonderful wife offer excitement bedroom fool woman lot susan actually halfsist    afraid marry william heartbroken month eventually start date girl year later come home proudly announce dianne say yes get marry june father insist private conversation break sad news dianne halfsister william awfully sorry william furious finally decide mother news dad harm .. guess    going marry complain time fall love dad tell girl halfsister mother shake head pay attention say dear father
50,51,"The Pope dies and, naturally, goes to heaven. He's met by the reception committee, and after a whirlwind tour he is told that he can enjoy any of the myriad of recreations available. He decides that he wants to read all of the ancient original text of the Holy Scriptures, so he spends the next eon or so learning languages. After becoming a linguistic master, he sits down in the library and begins to pour over every version of the Bible, working back from most recent ""Easy Reading"" to the original script. All of a sudden there is a scream in the library. The Angels come running in only to find the Pope huddled in his chair, crying to himself and muttering, ""An 'R'! The scribes left out the 'R'."" A particularly concerned Angel takes him aside, offering comfort, asks him what the problem is and what does he mean. After collecting his wits, the Pope sobs again, ""It's the letter 'R'. They left out the 'R'. The word was supposed to be CELEBRATE!""",0.3064193590499113,pope dy naturally go heaven met reception committee whirlwind tour told enjoy myriad recreation available decides want read ancient original text holy scripture spends next eon learning language becoming linguistic master sits library begin pour every version bible working back recent easy reading original script sudden scream library angel come running find pope huddled chair cry muttering r scribe left r particularly concerned angel take aside offering comfort asks problem mean collecting wit pope sob letter r left r word supposed celebrate,pope die naturally go heaven meet reception committee whirlwind tour tell enjoy myriad recreation available decide wants read ancient original text holy scriptures spend eon learning language linguistic master sit library begin pour version bible work recent easy read original script sudden scream library angel come run find pope huddle chair cry mutter r scribe leave r particularly concerned angel take aside offer comfort ask problem mean collect wit pope sobs letter r leave r word suppose celebrate
51,52,"A woman has twins, and gives them up for adoption. One of them goes to a family in Egypt and is named ""Amal."" The other goes to a family in Spain; they name him ""Juan."" Years later, Juan sends a picture of himself to his mom. Upon receiving the picture, she tells her husband that she wishes she also had a picture of Amal. Her husband responds, ""But they are twins-if you've seen Juan, you've seen Amal.",0.4498892111770828,woman twin give adoption one go family egypt named amal go family spain name juan year later juan sends picture mom upon receiving picture tell husband wish also picture amal husband responds seen juan seen amal,woman twin give adoption go family egypt name amal go family spain juan year later juan send picture mom receive picture tell husband wish picture amal husband respond twinsif see juan see amal
52,53,"A man and Cindy Crawford get stranded on a desert island. After a couple of days they fall in love and start sleeping together. Time pass the man seems frustrated, Cindy asks if there is anything she can do? He says there is one thing, ""Could you put on this baseball cap and go to the other side of the island and answer me when I call you Bob?"" She agrees. Next day he is walking on the other side of the island, runs into her and says ""Hi Bob!"" She says ""Hello, what's up?"" He replies: ""Bob you won't believe it: I've been sleeping with Cindy Crawford for the past two weeks!!!!""",0.9275895799942858,man cindy crawford get stranded desert island couple day fall love start sleeping together time pas man seems frustrated cindy asks anything say one thing could put baseball cap go side island answer call bob agrees next day walking side island run say hi bob say hello reply bob wo believe sleeping cindy crawford past two week,man cindy crawford strand desert island couple day fall love start sleep time pass man frustrated cindy ask say thing baseball cap island answer bob agree day walk island run say hi bob say hello replies bob believe    sleep cindy crawford past week
53,54,Why are there so many Jones's in the phone book? Because they all have phones.,0.9172669603415716,many jones phone book phone,joness phone book phone
54,55,"How many teddybears does it take to change a lightbulb? It takes only one teddybear, but it takes a whole lot of lightbulbs.",0.5944638808586404,many teddybears take change lightbulb take one teddybear take whole lot lightbulb,teddybear change lightbulb take teddybear take lot lightbulb
55,56,"The Chukcha (Russian Eskimo) phones up the Russian Parliament Building. A guard answers. Chukcha: ""What is required to become Parliament member?"" Guard: ""What are you, an idiot?"" Chukcha: ""Is it required?""",0.8437015531668218,chukcha russian eskimo phone russian parliament building guard answer chukcha required become parliament member guard idiot chukcha required,chukcha russian eskimo phone russian parliament building guard answer chukcha require parliament member guard idiot chukcha require
56,57,"Bill & Hillary are on a trip back to Arkansas. They're almost out of gas, so Bill pulls into a service station on the outskirts of town. The attendant runs out of the station to serve them when Hillary realizes it's an old boyfriend from high school. She and the attendant chat as he gases up their car and cleans the windows. Then they all say good-bye. As Bill pulls the car onto the road, he turns to Hillary and says, 'Now aren't you glad you married me and not him ? You could've been the wife of a grease monkey !' To which Hillary replied, 'No, Bill. If I would have married him, you'd be pumping gas and he would be the President !'",0.125558947529751,bill hillary trip back arkansas almost gas bill pull service station outskirt town attendant run station serve hillary realizes old boyfriend high school attendant chat gas car clean window say bill pull car onto road turn hillary say glad married could wife grease monkey hillary replied bill would married pumping gas would president,bill    hillary trip arkansas gas bill pull service station outskirt town attendant run station serve hillary realize old boyfriend high school attendant chat gas car clean window goodbye bill pull car road turn hillary say glad marry    wife grease monkey    hillary reply bill marry pump gas president
57,58,What did the Buddhist say to the hot dog vendor? Make me one with everything.,0.024020334922397,buddhist say hot dog vendor make one everything,buddhist hot dog vendor
58,59,"During a recent publicity outing, Hillary sneaked off to visit a fortune teller of some local repute. In a dark and hazy room, peering into a crystal ball, the mystic delivered grave news. ""There's no easy way to say this, so I'll just be blunt: Prepare yourself to be a widow. Your husband will die a violent and horrible death this year."" Visibly shaken, Hillary stared at the woman's lined face, then at the single flickering candle, then down at her hands. She took a few deep breaths to compose herself. She simply had to know. She met the fortune teller's gaze, steadied her voice, and asked her question. ""Will I be acquitted?""",0.372430386373687,recent publicity outing hillary sneaked visit fortune teller local repute dark hazy room peering crystal ball mystic delivered grave news easy way say blunt prepare widow husband die violent horrible death year visibly shaken hillary stared woman lined face single flickering candle hand took deep breath compose simply know met fortune teller gaze steadied voice asked question acquitted,recent publicity outing hillary sneak visit fortune teller local repute dark hazy room peer crystal ball mystic deliver grave news easy way    blunt prepare widow husband die violent horrible death year visibly shake hillary stare woman line face single flickering candle hand take deep breath compose simply know meet fortune teller gaze steadied voice ask question acquit
59,60,"A group of managers were given the assignment to measure the height of a flagpole. So they go out to the flagpole with ladders and tape measures, and they're falling off the ladders, dropping the tape measures - the whole thing is just a mess. An engineer comes along and sees what they're trying to do, walks over, pulls the flagpole out of the ground, lays it flat, measures it from end to end, gives the measurement to one of the managers and walks away. After the engineer has gone, one manager turns to another and laughs. ""Isn't that just like an engineer, we're looking for the height and he gives us the length.""",0.3996760367336066,group manager given assignment measure height flagpole go flagpole ladder tape measure falling ladder dropping tape measure whole thing mess engineer come along see trying walk pull flagpole ground lay flat measure end end give measurement one manager walk away engineer gone one manager turn another laugh like engineer looking height give u length,group manager give assignment measure height flagpole flagpole ladder tape measure fall ladder drop tape measure    thing mess engineer comes see try walk pull flagpole ground lay flat measure end end give measurement manager walk away engineer go manager turn laugh like engineer look height give length
60,61,"An engineer, a physicist and a mathematician are sleeping in a room. There is a fire in the room. The engineer wakes up, sees the fire, picks up the bucket of water and douses the fire and goes back to sleep. Again there is fire in the room. This time, the physicist wakes up, notices the bucket, fills it with water, calculates the optimal trajectory and douses the fire in minimum amount of water and goes back to sleep. Again there is fire. This time the mathematician wakes up. He looks at the fire, looks at the bucket and the water and exclaims, ""A solution exists"" and goes back to sleep.",0.8900076421245693,engineer physicist mathematician sleeping room fire room engineer wake see fire pick bucket water douses fire go back sleep fire room time physicist wake notice bucket fill water calculates optimal trajectory douses fire minimum amount water go back sleep fire time mathematician wake look fire look bucket water exclaims solution exists go back sleep,engineer physicist mathematician sleeping room fire room engineer wake see fire pick bucket water douse fire go sleep fire room time physicist wakes notice bucket fill water calculate optimal trajectory douse fire minimum water go sleep fire time mathematician wake look fire look bucket water exclaim solution exist go sleep
61,62,What is the rallying cry of the International Dyslexic Pride movement? Dyslexics Untie!,0.9356113778156164,rallying cry international dyslexic pride movement dyslexics untie,rally cry international dyslexic pride movement dyslexic untie
62,63,"Two Rednecks were seated at the end of a bar when a young lady seated a few stools up began to choke on a piece of hamburger. She was turning blue and obviously in serious respiratory distress. One said to the other, ""That gal there is having a bad time!"" The other agreed and said ""Think we should go help?"" ""You bet,"" said the first,and with that, he ran over and said, ""Can you breathe??"" She shook her head no. He said, ""Can you speak??"" She again shook her head no. With that, he pulled up her skirt and licked her on the butt. She was so shocked, she coughed up the obstruction and began to breathe-with great relief. The redneck walked back to his friend and said, ""Funny how that hind lick maneuver always works.""",0.5635556484127066,two redneck seated end bar young lady seated stool began choke piece hamburger turning blue obviously serious respiratory distress one said gal bad time agreed said think go help bet said first ran said breathe shook head said speak shook head pulled skirt licked butt shocked coughed obstruction began great relief redneck walked back friend said funny hind lick maneuver always work,redneck seat end bar young lady seat stool begin choke piece hamburger turn blue obviously respiratory distress say gal have bad time agree say think help bet say firstand ran say breathe shook head say speak shake head pull skirt licked butt shock coughed obstruction begin breathewith great relief redneck walk friend say funny hind lick maneuver work
63,64,"A lawyer opened the door of his BMW, when suddenly a car came along and hit the door, ripping it off completely. When the police arrived at the scene, the lawyer was complaining bitterly about the damage to his precious BMW. ""Officer, look what they've done to my Beeeeemer!!!"", he whined. ""You lawyers are so materialistic, you make me sick!!!"" retorted the officer. ""You're so worried about your stupid BMW, that you didn't even notice that your left arm was ripped off!!!"" ""Oh my gaaaad..."", replied the lawyer, finally noticing the bloody left shoulder where his arm once was. ""Where's my Rolex???!!!!""",0.3280950438071418,lawyer opened door bmw suddenly car came along hit door ripping completely police arrived scene lawyer complaining bitterly damage precious bmw officer look done beeeeemer whined lawyer materialistic make sick retorted officer worried stupid bmw even notice left arm ripped oh gaaaad replied lawyer finally noticing bloody left shoulder arm rolex,lawyer open door bmw suddenly car came hit door rip completely police arrive scene lawyer complain bitterly damage precious bmw officer look beeeeemer whined lawyer materialistic sick retort officer worry stupid bmw notice leave arm rip oh gaaaad ... reply lawyer finally notice bloody left shoulder arm rolex
64,65,"Once upon a time, two brooms fell in love and decided to get married. Before the ceremony, the bride broom informed the groom broom that she was expecting a little whiskbroom. The groom broom was aghast! ""How is this possible?"" he asked. ""We've never swept together!",0.8797901373405882,upon time two broom fell love decided get married ceremony bride broom informed groom broom expecting little whiskbroom groom broom aghast possible asked never swept together,time broom fall love decide married ceremony bride broom informed groom broom expect little whiskbroom groom broom aghast possible ask sweep
65,66,"A man piloting a hot air balloon discovers he has wandered off course and is hopelessly lost. He descends to a lower altitude and locates a man down on the ground. He lowers the balloon further and shouts ""Excuse me, can you tell me where I am?"" The man below says: ""Yes, you're in a hot air balloon, about 30 feet above this field."" ""You must work in Information Technology,"" says the balloonist. ""Yes I do,"" replies the man. ""And how did you know that?"" ""Well,"" says the balloonist, ""what you told me is technically correct, but of no use to anyone."" The man below says, ""You must work in management."" ""I do,"" replies the balloonist, ""how did you know?"" ""Well,"" says the man, ""you don't know where you are, or where you're going, but you expect my immediate help. You're in the same position you were before we met, but now it's my fault!""",0.920055334760205,man piloting hot air balloon discovers wandered course hopelessly lost descends lower altitude locates man ground lower balloon shout excuse tell man say yes hot air balloon foot field must work information technology say balloonist yes reply man know well say balloonist told technically correct use anyone man say must work management reply balloonist know well say man know going expect immediate help position met fault,man pilot hot air balloon discover wander course hopelessly lose descend low altitude locate man ground lower balloon shout excuse tell man say yes hot air balloon 30 foot field work information technology say balloonist yes reply man know say balloonist tell technically correct use man say work management reply balloonist know say man know going expect immediate help position meet fault
66,67,"This guys wife asks, ""Honey if I died would you remarry?"" and he replies, ""Well, after a considerable period of grieving, we all need companionship, I guess I would."" She then asks, ""If I died and you remarried, would she live in this house?"" and he replies, ""We've spent a lot of time and money getting this house just the way we want it. I'm not going to get rid of my house, I guess she would."" ""If I died and you remarried, and she lived in this house, would she sleep in our bed?"" and he says, ""That bed is brand new, we just paid two thousand dollars for it, it's going to last a long time, I guess she would."" So she asks, ""If I died and you remarried, and she lived in this house, and slept in our bed, would she use my golf clubs?"" ""Oh no, she's left handed.""",0.2873521242205152,guy wife asks honey died would remarry reply well considerable period grieving need companionship guess would asks died remarried would live house reply spent lot time money getting house way want going get rid house guess would died remarried lived house would sleep bed say bed brand new paid two thousand dollar going last long time guess would asks died remarried lived house slept bed would use golf club oh left handed,guy wife ask honey die remarry reply considerable period grieve need companionship guess ask die remarried live house reply spend lot time money get house way want go rid house guess die remarry live house sleep bed say bed brand new pay thousand dollar go long time guess ask die remarry live house sleep bed use golf club oh leave handed
67,68,How many feminists does it take to screw in a light bulb? That's not funny.,0.9177053717290368,many feminist take screw light bulb funny,feminist screw light bulb funny
68,69,"Employer to applicant: ""In this job we need someone who is responsible."" Applicant: ""I'm the one you want. On my last job, every time anything went wrong, they said I was responsible.""",0.9071574235735528,employer applicant job need someone responsible applicant one want last job every time anything went wrong said responsible,employer applicant job need responsible applicant    want job time go wrong say responsible
69,70,"At a recent Sacramento PC Users Group meeting, a company was demonstrating its latest speech- recognition software. A representative from the company was just about ready to start the demonstration and asked everyone in the room to quiet down. Just then someone in the back of the room yelled, ""Format C: Return."" Someone else chimed in: ""Yes, Return"" Unfortunately, the software worked.",0.6282500031439525,recent sacramento pc user group meeting company demonstrating latest recognition software representative company ready start demonstration asked everyone room quiet someone back room yelled format c return someone else chimed yes return unfortunately software worked,recent sacramento pc user group meeting company demonstrate late speech recognition software representative company ready start demonstration ask room quiet room yelled format c return chime yes return unfortunately software work
70,71,"On the first day of college, the Dean addressed the students, pointing out some of the rules: ""The female dormitory will be out-of-bounds for all male students and the male dormitory to the female students. Anybody caught breaking this rule will be finded $20 the first time."" He continued, ""Anybody caught breaking this rule the second time will be fined $60. Being caught a third time will cost you a fine of $180. Are there any questions ?"" At this point, a male student in the crowd inquired: ""How much for a season pass ?""",0.2723283529018467,first day college dean addressed student pointing rule female dormitory male student male dormitory female student anybody caught breaking rule finded first time continued anybody caught breaking rule second time fined caught third time cost fine question point male student crowd inquired much season pas,day college dean address student point rule female dormitory outofbound male student male dormitory female student anybody catch break rule find 20 time continue anybody catch break rule second time fine 60 catch time cost fine 180 question    point male student crowd inquire season pass
71,72,"Q: What is the difference between George Washington, Richard Nixon, and Bill Clinton? A: Washington couldn't tell a lie, Nixon couldn't tell the truth, and Clinton doesn't know the difference .",0.9329192447359996,q difference george washington richard nixon bill clinton washington could tell lie nixon could tell truth clinton know difference,q difference george washington richard nixon bill clinton washington tell lie nixon tell truth clinton know difference
72,73,"Q: How many stalkers does it take to change a light bulb? A: Two . One to replace the bulb, and the other to watch it day and night.",0.7246146400286528,q many stalker take change light bulb two one replace bulb watch day night,q stalker change light bulb replace bulb watch day night
73,74,Q: Do you know the difference between an intelligent male and the Sasquatch? A: There have been actual reported sightings of the Sasquatch .,0.1738994747504499,q know difference intelligent male sasquatch actual reported sighting sasquatch,q know difference intelligent male sasquatch actual report sighting sasquatch
74,75,"There once was a man and a woman that both got in a terrible car wreck. Both of their vehicles were completely destroyed, buy fortunately, no one was hurt. In thankfulness, the woman said to the man, 'We are both okay, so we should celebrate. I have a bottle of wine in my car, let's open it.' So the woman got the bottleout of the car, and handed it to the man. The man took a really big drink, and handed the woman the bottle. The woman closed the bottle and put it down. The man asked, 'Aren't you going to take a drink?' The woman cleverly replied, 'No, I think I'll just wait for the cops to get here.'",0.3900402381719742,man woman got terrible car wreck vehicle completely destroyed buy fortunately one hurt thankfulness woman said man okay celebrate bottle wine car let open woman got bottleout car handed man man took really big drink handed woman bottle woman closed bottle put man asked going take drink woman cleverly replied think wait cop get,man woman get terrible car wreck vehicle completely destroy buy fortunately hurt thankfulness woman say man okay celebrate bottle wine car let open woman get bottleout car handed man man take big drink handed woman bottle woman close bottle man ask go drink woman cleverly reply think    wait cop
75,76,If pro- is the opposite of con- then congress must be the opposite of progress.,0.9124886827943672,opposite congress must opposite progress,pro opposite con congress opposite progress
76,77,Q: What's the difference between the government and the Mafia? A: One of them is organized .,0.6556108039200406,q difference government mafia one organized,q difference government mafia organize
77,78,"Q: Ever wonder why the IRS calls it Form 1040? A: Because for every $50 that you earn, you get 10 and they get 40 .",0.8397499151703745,q ever wonder irs call form every earn get get,q wonder irs call form 1040 50 earn 10 40
78,79,Q. Did you hear about the dyslexic devil worshiper? A. He sold his soul to Santa.,0.4638188927105016,q hear dyslexic devil worshiper sold soul santa,q hear dyslexic devil worshiper sell soul santa
79,80,"Hillary, Bill Clinton and the Pope are sitting together on an airplane. Bill says ""I could throw one thousand dollar bill out of this plane and make one person very happy."" Hillary says ""I could throw 10 hundred dollar bills out of the plane and make 10 people very happy."" The Pope chips in and says "" I could throw Bill out of the airplane and make the whole country happy .""",0.7362371140669255,hillary bill clinton pope sitting together airplane bill say could throw one thousand dollar bill plane make one person happy hillary say could throw hundred dollar bill plane make people happy pope chip say could throw bill airplane make whole country happy,hillary bill clinton pope sit airplane bill say throw thousand dollar bill plane person happy hillary say throw 10 dollar bill plane 10 people happy pope chip say    throw bill airplane country happy
80,81,"An Asian man goes into a New York CityBank to exchange 10,000 yen for American Currency. The teller gives him $72.00. The next month the Asian man goes into the same bank with 10,000 yen and receives $62.00. He asks, ""How come? Only $62.00?"" The teller says ""Fluctuations- Fluctuations!"" Whereupon the Asian man looks back at the teller and says "" Fluk you Amelicans too !""",0.8517292243013638,asian man go new york citybank exchange yen american currency teller give next month asian man go bank yen receives asks come teller say fluctuation whereupon asian man look back teller say fluk amelicans,asian man go new york citybank exchange 10000 yen american currency teller give 72 00 month asian man go bank 10000 yen receive 62 00 ask come 62 00 teller say fluctuation fluctuation asian man look teller say    fluk amelican
81,82,"Q: How do you keep a computer programmer in the shower all day long? A: Give them a shampoo with a label that says ""rinse, lather, repeat"" .",0.6513263540793754,q keep computer programmer shower day long give shampoo label say rinse lather repeat,q computer programmer shower day long shampoo label say rinse lather repeat
82,83,"What a woman says : ""This place is a mess! C'mon, You and I need to clean up, Your stuff is lying on the floor and you'll have no clothes to wear, if we don't do laundry right now!"" What a man hears : blah, blah, blah, blah, C'mon blah, blah, blah, blah, you and I blah, blah, blah, blah, on the floor blah, blah, blah, blah, no clothes blah, blah, blah, blah, RIGHT NOW!",0.8775023163154674,woman say place mess need clean stuff lying floor clothes wear laundry right man hears blah blah blah blah blah blah blah blah blah blah blah blah floor blah blah blah blah clothes blah blah blah blah right,woman say    place mess cmon need clean stuff lie floor clothe wear laundry right man hear    blah blah blah blah cmon blah blah blah blah blah blah blah blah floor blah blah blah blah clothe blah blah blah blah right
83,84,"Q: What is the difference between Mechanical Engineers and Civil Engineers? A: Mechanical Engineers build weapons , Civil Engineers build targets .",0.6281606864756035,q difference mechanical engineer civil engineer mechanical engineer build weapon civil engineer build target,q difference mechanical engineer civil engineer mechanical engineer build weapon    civil engineer build target
84,85,Q: How many Presidents does it take to screw in a light bulb? A: It depends upon your definition of screwing a light bulb .,0.6527676661684987,q many president take screw light bulb depends upon definition screwing light bulb,q president screw light bulb depend definition screw light bulb
85,86,"A neutron walks into a bar and orders a drink. ""How much do I owe you?"" the neutron asks. The bartender replies, ""for you, no charge.""",0.5671678000774013,neutron walk bar order drink much owe neutron asks bartender reply charge,neutron walk bar order drink owe neutron ask bartender reply charge
86,87,"A man, recently completing a routine physical examination receives a phone call from his doctor. The doctor says, ""I have some good news and some bad news."" The man says, ""OK, give me the good news first."" The doctor says, ""The good news is, you have 24 hours to live."" The man replies, ""Shit! That's the good news? Then what's the bad news?"" The doctor says, ""The bad news is, I forgot to call you yesterday .""",0.8643060469432947,man recently completing routine physical examination receives phone call doctor doctor say good news bad news man say ok give good news first doctor say good news hour live man reply shit good news bad news doctor say bad news forgot call yesterday,man recently complete routine physical examination receive phone doctor doctor say good news bad news man say ok good news doctor say good news 24 hour live man reply shit good news bad news doctor say bad news forgot yesterday
87,88,"A Czechoslovakian man felt his eyesight was growing steadily worse, and felt it was time to go see an optometrist. The doctor started with some simple testing, and showed him a standard eye chart with letters of diminishing size: CRKBNWXSKZY. . . ""Can you read this?"" the doctor asked. ""Read it?"" the Czech answered. ""Doc, I know him!""",0.8771245714578242,czechoslovakian man felt eyesight growing steadily worse felt time go see optometrist doctor started simple testing showed standard eye chart letter diminishing size crkbnwxskzy read doctor asked read czech answered doc know,czechoslovakian man feel eyesight grow steadily worse feel time optometrist doctor start simple testing show standard eye chart letter diminish size crkbnwxskzy . . . read doctor ask read czech answer doc know
88,89,"A radio conversation of a US naval ship with Canadian authorities ... Americans: Please divert your course 15 degrees to the North to avoid a collision. Canadians: Recommend you divert YOUR course 15 degrees to the South to avoid a collision. Americans: This is the Captain of a US Navy ship. I say again, divert YOUR course. Canadians: No. I say again, you divert YOUR course. Americans: This is the aircraft carrier USS LINCOLN, the second largest ship in the United States' Atlantic Fleet. We are accompanied by three destroyers, three cruisers and numerous support vessels. I demand that you change your course 15 degrees north, that's ONE FIVE DEGREES NORTH, or counter-measures will be undertaken to ensure the safety of this ship. Canadians: This is a lighthouse. Your call .",0.966040142363291,radio conversation u naval ship canadian authority american please divert course degree north avoid collision canadian recommend divert course degree south avoid collision american captain u navy ship say divert course canadian say divert course american aircraft carrier us lincoln second largest ship united state atlantic fleet accompanied three destroyer three cruiser numerous support vessel demand change course degree north one five degree north undertaken ensure safety ship canadian lighthouse call,radio conversation naval ship canadian authority ... americans divert course 15 degree north avoid collision canadian recommend divert course 15 degree south avoid collision americans captain navy ship divert course canadian divert course americans aircraft carrier uss lincoln second large ship united states atlantic fleet accompany destroyer cruiser numerous support vessel demand change course 15 degree north degree north countermeasure undertake ensure safety ship canadian lighthouse
89,90,"A country guy goes into a city bar that has a dress code, and the maitre d' demands he wear a tie. Discouraged, the guy goes to his car to sulk when inspiration strikes: He's got jumper cables in the trunk! So he wraps them around his neck, sort of like a string tie (a bulky string tie to be sure) and returns to the bar. The maitre d' is reluctant, but says to the guy, ""Okay, you're a pretty resourceful fellow, you can come in... but just don't start anything""!",0.5913096286283207,country guy go city bar dress code maitre demand wear tie discouraged guy go car sulk inspiration strike got jumper cable trunk wrap around neck sort like string tie bulky string tie sure return bar maitre reluctant say guy okay pretty resourceful fellow come start anything,country guy go city bar dress code maitre d demand wear tie discourage guy go car sulk inspiration strike get jumper cable trunk wrap neck sort like string tie bulky string tie sure return bar maitre d reluctant say guy okay pretty resourceful fellow come ... start
90,91,Q: How many programmers does it take to change a lightbulb? A: NONE! That's a hardware problem....,0.8706902468389563,q many programmer take change lightbulb none hardware problem,q programmer change lightbulb hardware problem ...
91,92,"A Panda bear walks into a bar. Sits down at a table and orders a beer and a double cheeseburger. After he is finished eating, he pulls out a gun and rips the place with gunfire. Patrons scatter and dive under chairs and tables as the bear runs out the door. After ensuring that no one is hurt, the bartender races out the door, and calls after the bear ""What the hell did you do that for?"" The bear calls back, ""I'm a Panda bear. Look it up in the dictionary."" The bartender returns, pulls out his dictionary. panda : \Pan""da\, n. (Zo[""o]l.) A small Asiatic mammal (Ailurus fulgens) having fine soft fur. It is related to the bears, and inhabits the mountains of Northern India. Eats shoots and leaves.",0.7543190802777354,panda bear walk bar sits table order beer double cheeseburger finished eating pull gun rip place gunfire patron scatter dive chair table bear run door ensuring one hurt bartender race door call bear hell bear call back panda bear look dictionary bartender return pull dictionary panda zo small asiatic mammal ailurus fulgens fine soft fur related bear inhabits mountain northern india eats shoot leaf,panda bear walk bar sit table order beer double cheeseburger finish eat pull gun rip place gunfire patron scatter dive chair table bear run door ensure hurt bartender race door call bear hell bear call    panda bear look dictionary bartender return pull dictionary panda    panda n zool small asiatic mammal ailurus fulgen have fine soft fur relate bear inhabit mountain northern india eat shoot leave
92,93,"Early one morning a mother went to her sleeping son and woke him up. ""Wake up, son. It's time to go to school."" ""But why, Mama? I don't want to go to school."" ""Give me two reasons why you don't want to go to school."" ""One, all the children hate me. Two, all the teachers hate me,"" ""Oh! that's no reason. Come on, you have to go to school,"" ""Give me two good reasons WHY I should go to school?"" ""One, you are fifty-two years old. Two, you are the principal of the school.""",0.9047038263431124,early one morning mother went sleeping son woke wake son time go school mama want go school give two reason want go school one child hate two teacher hate oh reason come go school give two good reason go school one year old two principal school,early morning mother go sleep son wake wake son time school mama want school reason want school child hate teacher hate oh reason come school good reason school fiftytwo year old principal school
93,94,"Reaching the end of a job interview, the human resources person asked a young engineer fresh out of Stanford, ""And what starting salary were you looking for?"" The engineer said, ""In the neighborhood of $125,000 a year, depending on the benefits package."" The interviewer said, ""Well, what would you say to a package of 5-weeks vacation, 14 paid holidays, full medical and dental, company matching retirement fund to 50% of salary, and a company car leased every 2 years - say, a red Corvette?"" The Engineer sat up straight and said, ""Wow! Are you kidding ?"" And the interviewer replied, ""Yeah, but you started it.""",0.7470544700016736,reaching end job interview human resource person asked young engineer fresh stanford starting salary looking engineer said neighborhood year depending benefit package interviewer said well would say package vacation paid holiday full medical dental company matching retirement fund salary company car leased every year say red corvette engineer sat straight said wow kidding interviewer replied yeah started,reach end job interview human resource person ask young engineer fresh stanford start salary look engineer say neighborhood 125000 year depend benefit package interviewer say package 5weeks vacation 14 pay holiday medical dental company match retirement fund 50 salary company car lease 2 year    red corvette engineer sit straight say wow kid    interviewer reply yeah start
94,95,"Two atoms are walking down the street when one atom says to the other ""Oh, my! I've lost an electron!"" The second atom says""Are you sure"" The first replies ""I'm positive!""",0.7378804512444108,two atom walking street one atom say oh lost electron second atom say sure first reply positive,atom walk street atom say oh    lose electron second atom saysare sure reply    positive
95,96,"Just a thought .. Before criticizing someone, walk a mile in their shoes. Then when you do criticize them, you will be a mile away and have their shoes !",0.7978687168912821,thought criticizing someone walk mile shoe criticize mile away shoe,think .. criticize walk mile shoe criticize mile away shoe
96,97,"Two attorneys went into a diner and ordered two drinks. Then they produced sandwiches from their briefcases and started to eat. The owner became quite concerned and marched over and told them, ""You can't eat your own sandwiches in here!"" The attorneys looked at each other, shrugged their shoulders and then exchanged sandwiches.",0.8159440838722309,two attorney went diner ordered two drink produced sandwich briefcase started eat owner became quite concerned marched told ca eat sandwich attorney looked shrugged shoulder exchanged sandwich,attorney go diner order drink produce sandwich briefcase start eat owner concern march tell eat sandwich attorney look shrugged shoulder exchange sandwich
97,98,"A teacher is explaining to her class how different languages use negatives differently. She says, ""In all languages, a positive followed by a negative or a negative followed by a positive makes a negative. In some languages, two negatives together make a positive, while in others they make a negative. But in no language do two positives make a negative."" One of the students puts up his hand and says, ""Yeah, right.""",0.7047174743883199,teacher explaining class different language use negative differently say language positive followed negative negative followed positive make negative language two negative together make positive others make negative language two positive make negative one student put hand say yeah right,teacher explain class different language use negative differently say language positive follow negative negative follow positive make negative language negative positive negative language positive negative student put hand say yeah right
98,99,"Age and Womanhood 1. Between the ages of 13 and 18 ... She is like Africa, virgin and unexplored. 2. Between the ages of 19 and 35 ... She is like Asia, hot and exotic. 3. Between the ages of 36 and 45 ... She is like America, fully explored, breathtakingly beautiful,and free with her resources. 4. Between the ages of 46 and 56 ... She is like Europe, exhausted but still has points of interest. 5. After 56 she is like Australia ... Everybody knows it's down there, but who gives a damn?",0.490953742994065,age womanhood age like africa virgin unexplored age like asia hot exotic age like america fully explored breathtakingly beautiful free resource age like europe exhausted still point interest like australia everybody know give damn,age womanhood 1 age 13 18 ... like africa virgin unexplore 2 . age 19 35 ... like asia hot exotic 3 . age 36 45 ... like america fully explore breathtakingly beautifuland free resource 4 . age 46 56 ... like europe exhausted point interest 5 . 56 like australia ... everybody know give damn
99,100,A bus station is where a bus stops. A train station is where a train stops. On my desk I have a work station...,0.7533969619731737,bus station bus stop train station train stop desk work station,bus station bus stop train station train stops desk work station ..
